"Codigo_do_IBGE,Macrorregiao,Municipio,UF,Capital,RM_/RIDE,Natureza_Juridica,Abrangencia,Nome_do_Prestador,Sigla,Populacao_Total_Residente_,Populacao_Urbana_Residente,Populacao_Rural_Residente_,Area_de_atuacao_do_prestador_no_municipio,Forma_de_prestacao,Especifique,Atividades_abrangidas_para_Abastecimento_de_Agua,Instrumento_de_delegacao_da_prestacao,Especifique.1,Data_de_inicio_da_prestacao_do_servico,Data_de_termino_da_prestacao_do_servico,Populacao_urbana_atendida_com_rede_de_abastecimento_de_agua,Populacao_rural_atendida_com_rede_de_abastecimento_de_agua,Quantidade_de_ligacoes_ativas_de_agua,Quantidade_de_ligacoes_ativas_de_agua_micromedidas,Quantidade_de_ligacoes_inativas_de_agua,Quantidade_de_ligacoes_totais_setorizadas_de_agua,Conexoes_factiveis_de_agua,Quantidade_de_economias_urbanas_ativas_de_agua,Quantidade_de_economias_urbanas_residenciais_ativas_de_agua,Quantidade_de_economias_ativas_de_agua_micromedidas,Quantidade_de_economias_residenciais_ativas_de_agua_micromedidas,Quantidade_de_economias_inativas_de_agua,Quantidade_de_economias_urbanas_residenciais_inativas_de_agua,Quantidade_de_economias_factiveis_de_agua,Quantidade_de_economias_rurais_ativas_de_agua,Quantidade_de_economias_rurais_residenciais_ativas_de_agua,Quantidade_de_economias_rurais_residenciais_inativas_de_agua,Quantidade_de_domicilios_na_area_de_abrangencia_do_Prestador_do_servico_de_abastecimento_de_agua,""Observacoes,esclarecimentos_ou_sugestoes"",Volume_de_agua_produzido,Volume_de_agua_tratada_em_ETAs,Volume_de_agua_tratada_por_simples_desinfeccao,Volume_de_agua_fluoretada,Volume_de_agua_macromedido,Volume_de_agua_tratada_importado,Volume_de_agua_bruta_importado_distribuida_sem_tratamento,Volume_de_entrada_no_subsistema_de_distribuicao_de_agua,Extensao_de_adutoras_e_subadutoras_de_agua_bruta,Extensao_de_rede_de_distribuicao_de_agua,Extensao_media_dos_ramais_prediais_da_rede_de_distribuicao_de_agua,Volume_de_agua_tratada_exportado,Volume_de_agua_de_uso_operacional,Volume_de_agua_de_uso_emergencial,Volume_de_agua_de_uso_social,Volume_de_agua_autorizado_nao_faturado,Capacidade_util_total_de_reservacao_na_rede_de_distribuicao,Volume_consumido_nas_economias_residenciais_ativas_de_agua,Volume_consumido_nas_economias_nao_residenciais_ativas_de_agua,Volume_de_agua_consumido,Volume_micromedido_nas_economias_residenciais_ativas_de_agua,Volume_micromedido_nas_economias_nao_residenciais_ativas_de_agua,Volume_de_agua_micromedido,Volume_de_agua_submedido_por_imprecisao,Volume_de_consumo_de_agua_nao_autorizado,Volume_de_perdas_aparentes_de_agua,Volume_de_perdas_reais_de_agua,Volume_de_agua_faturado_nas_economias_residenciais_ativas_de_agua,Volume_de_agua_exportado_isento_de_faturamento,Volume_total_de_agua_faturado,Consumo_total_de_energia_eletrica_no_servico_de_abastecimento_agua_,""Observacoes,esclarecimentos_ou_sugestoes.1"",Quantidade_de_paralisacoes_com_falta_de_agua,Quantidade_de_economias_ativas_atingidas_por_paralisacoes,""Quantidade_de_interrupcoes_sistematicas,resultando_em_racionamento_ou_rodizio"",Principais_motivos_de_interrupcoes_sistematicas,Outro,Quantidade_de_economias_ativas_atingidas_por_interrupcoes_sistematicas,Quantidade_de_dias_que_o_sistema_ficou_em_colapso,Quantidade_de_reclamacoes_recebidas_por_falta_de_agua,Quantidade_de_reclamacoes_recebidas_sobre_vazamentos_no_sistema_de_distribuicao,Quantidade_de_vazamentos_de_agua_reparados_no_sistema_de_distribuicao,Tempo_total_de_reparos_de_vazamentos,Quantidade_de_pedidos_de_ligacao_de_agua_recebidos,Quantidade_de_pedidos_de_ligacao_de_agua_executados,Existe_ouvidoria_ou_central_de_atendimento_ao_cidadao_para_recebimento_de_reclamacoes_ou_manifestacoes_sobre_os_servicos_de_abastecimento_de_agua?,""Observacoes,esclarecimentos_ou_sugestoes.2"",Atendimento_da_populacao_total_com_rede_de_abastecimento_de_agua,Atendimento_da_populacao_urbana_com_rede_de_abastecimento_de_agua,Atendimento_da_populacao_rural_com_rede_de_abastecimento_de_agua,Atendimento_dos_domicilios_totais_com_rede_de_abastecimento_de_agua,Atendimento_dos_domicilios_urbanos_com_rede_de_abastecimento_de_agua,Atendimento_dos_domicilios_rurais_com_rede_de_abastecimento_de_agua,Extensao_de_rede_de_distribuicao_de_agua_por_ligacao,Densidade_de_economias_de_agua_por_ligacao,Incidencia_da_hidrometracao_de_agua,Incidencia_das_economias_residenciais_ativas_de_agua,Micromedicao_de_agua_em_relacao_ao_volume_disponibilizado_para_distribuicao,Micromedicao_do_volume_de_agua_consumido,Macromedicao_do_volume_de_agua_de_entrada_no_sistema_de_distribuicao,Consumo_micromedido_de_agua_por_economia,Consumo_de_agua_faturado_por_economia,Consumo_total_medio_per_capita_de_agua,Consumo_residencial_medio_per_capita_de_agua,Volume_de_agua_disponibilizado_para_distribuicao_por_economia,Consumo_total_medio_de_agua_por_economia,Consumo_de_agua_em_relacao_ao_volume_disponibilizado_para_distribuicao,Volume_faturado_de_agua_em_relacao_ao_volume_de_entrada_no_sistema_de_distribuicao,Perdas_de_faturamento_de_agua,Perdas_totais_de_agua_na_distribuicao,Perdas_totais_lineares_de_agua_na_rede_de_distribuicao,Perdas_totais_de_agua_por_ligacao,Incidencia_de_ligacoes_de_agua_setorizadas,Consumo_medio_de_energia_eletrica_no_servico_de_abastecimento_de_agua,Economias_ativas_de_agua_atingidas_por_paralisacoes,Economias_ativas_de_agua_atingidas_por_interrupcoes_sistematicas,Tempo_medio_de_reparo_de_vazamentos_de_agua,Incidencia_de_pedidos_de_ligacoes_de_agua_executados,Incidencia_de_economias_atingidas_por_intermitencias,Reclamacoes_de_falta_de_agua_e_vazamentos_agua_por_economia,Produtividade_do_pessoal_total_no_servico_de_abastecimento_de_agua,Participacao_do_pessoal_proprio_no_servico_de_abastecimento_de_agua,Receita_operacional_direta_media_de_usuarios_de_agua,Receita_operacional_direta_total_media_de_agua,Participacao_da_receita_operacional_indireta_na_receita_operacional_total_de_agua,Evasao_de_receitas_do_servico_de_agua,Dias_de_faturamento_comprometidos_com_contas_a_receber_de_agua,Desempenho_financeiro_do_servico_de_abastecimento_de_agua,Despesa_total_media_de_agua_incluindo_tributos,Despesa_total_media_de_agua_nao_incluindo_tributos,Despesa_de_exploracao_media_de_agua,Despesa_de_exploracao_media_de_agua_por_economia_ativa,Despesa_media_com_pessoal_proprio_do_servico_de_abastecimento_de_agua,Despesa_media_de_energia_eletrica_do_servico_de_abastecimento_de_agua",Incidencia_da_despesa_de_pessoal_proprio_nas_despesas_de_exploracao_de_agua,Incidencia_da_despesa_de_pessoal_total_nas_despesas_de_exploracao_de_agua,Incidencia_da_despesa_de_energia_eletrica_nas_despesas_de_exploracao_de_agua,Margem_da_despesa_de_exploracao_de_agua,Margem_da_despesa_com_pessoal_proprio_do_servico_de_abastecimento_de_agua,Margem_da_despesa_com_pessoal_total_do_servico_de_abastecimento_de_agua,Margem_da_despesa_com_servico_da_divida__de_agua,Suficiencia_de_caixa_do_servico_de_abastecimento_de_agua,Meta_2025
-,-,-,-,-,-,-,-,-,-,-,Habitantes,Habitantes,-,-,-,-,-,-,-,-,Habitantes,Habitantes,Ligacoes,Ligacoes,Ligacoes,Ligacoes,Imoveis,economias,economias,economias,economias,economias,economias,economias,economias,economias,economias,economias,-,1.000_m3/ano,1.000_m3/ano,1.000_m3/ano,1.000_m3/ano,1.000_m3/ano,1.000_m3/ano,1.000_m3/ano,1.000_m3/ano,Km,Km,m,1.000_m3/ano,1.000_m3/ano,1.000_m3/ano,1.000_m3/ano,1.000_m3/ano,m3,1.000_m3/ano,1.000_m3/ano,1.000_m3/ano,1.000_m3/ano,1.000_m3/ano,1.000_m3/ano,1.000_m3/ano,1.000_m3/ano,1.000_m3/ano,1.000_m3/ano,1.000_m3/ano,1.000_m3/ano,1.000_m3/ano,1.000_kwh/ano,-,paralisacoes/ano,economias/ano,interrupcoes/ano,-,-,economias/ano,dias/ano,reclamacoes/ano,reclamacoes/ano,ocorrencias/ano,horas/ano,pedidos/ano,ligacoes/ano,-,-,Percentual,Percentual,Percentual,Percentual,Percentual,Percentual,m/ligacao,econ./ligacao,Percentual,Percentual,Percentual,Percentual,Percentual,m3/economia/mes,m3/economia/mes,l/hab/dia,l/hab/dia,m3/economia/mes,m3/economia/mes,Percentual,Percentual,Percentual,Percentual,m3/km/dia,l/lig/dia,Percentual,KWh/m3,economias/paralisacao,economias/interrupcao_sistematica,horas/reparo,Percentual,Percentual,Percentual,ligacoes/empregado,percentual,R$/m3,R$/m3,percentual,percentual,dias,Percentual,R$/m3,R$/m3,R$/m3,R$/economia.ano,R$/empregado.ano,R$/KWh,Percentual,Percentual,Percentual,Percentual,Percentual,Percentual,Percentual,Percentual,Percentual
cod_IBGE,Macrorregiao,Municipio,UF,Capital,RM_/_RIDE,CAD0002,CAD0003,CAD0005,CAD0006,DFE0001,DFE0002,DFE0003,CAD2001,CAD2002,CAD2002A,CAD2003,CAD2004,CAD2004A,CAD2005,CAD2006,GTA0001,GTA0002,GTA0003,GTA0004,GTA0005,GTA0006,GTA0007,GTA0008,GTA0009,GTA0010,GTA0011,GTA0012,GTA0013,GTA0014,GTA0015,GTA0016,GTA0017,GTA0018,GTA0999,GTA1001,GTA1002,GTA1003,GTA1004,GTA1005,GTA1009,GTA1013,GTA1014,GTA1101,GTA1102,GTA1103,GTA1203,GTA1204,GTA1205,GTA1206,GTA1207,GTA1208,GTA1209,GTA1210,GTA1211,GTA1212,GTA1213,GTA1214,GTA1215,GTA1216,GTA1217,GTA1218,GTA1219,GTA1220,GTA1221,GTA1301,GTA1999,GTA3001,GTA3002,GTA3003,GTA3004,GTA3004A,GTA3005,GTA3006,GTA3101,GTA3102,GTA3103,GTA3104,GTA3106,GTA3107,GTA3109,GTA3999,IAG0001,IAG0002,IAG0003,IAG0004,IAG0005,IAG0006,IAG1001,IAG1002,IAG1003,IAG1004,IAG2001,IAG2002,IAG2003,IAG2004,IAG2005,IAG2006,IAG2007,IAG2008,IAG2009,IAG2010,IAG2011,IAG2012,IAG2013,IAG2014,IAG2015,IAG2016,IAG2023,IAG3001,IAG3002,IAG3003,IAG3006,IAG3007,IAG3008,IFA0001,IFA0002,IFA1001,IFA1002,IFA1003,IFA1004,IFA1005,IFA2001,IFA2002,IFA2003,IFA2004,IFA2005,IFA2006,IFA2007,IFA2008,IFA2009,IFA2010,IFA2011,IFA2012,IFA2013,IFA2014,IFA2016,Plano_de_Bacias
3110509,Sudeste,Camanducaia,MG,-,-,Sociedade_de_economia_mista,Regional,Companhia_de_Saneamento_de_Minas_Gerais_,COPASA,26363,19346,7017,Com_delegacao_atendendo_Sede_e_Localidades_-_DSL,Prestacao_indireta_delegada_mediante_concessao_para_empresa_privada_ou_estatal,-,Integral,Contrato_de_Concessao,-,01/03/1984,16/10/2036,15441,0,8850,8838,536,9386,107,9986,8553,9986,8553,605,518,107,0,0,0,9071,-,1904.15,1887.64,16.51,1904.15,1903.97,0,0,1904.15,17.72,159.48,6,0,9.52,0,0,9.52,3205,973.27,279.47,1252.74,973.27,279.47,1252.74,-,-,-,641.89,756.15,0,1248.22,1193.52,-,0,0,0,-,-,0,0,1505,759,759,63940,225,225,Sim,-,58.57,79.81,0,65.05,98.54,0,16.99,1.13,99.86,85.65,65.79,100,99.99,10.45,10.42,223.97,172.69,15.89,10.45,66.29,65.55,34.45,33.71,11.03,198.71,100,0.63,Nao_Calc.-_Div/0,Nao_Calc.-_Div/0,84.24,100,Nao_Calc.-_Div/0,22.67,465.79,78.95,7.52,7.52,1.74,10.47,7.58,135.89,5.63,4.84,4.78,598.08,162545.28,0.72,40.82,51.17,14.46,63.65,25.98,32.57,3.81,136.05,28
3125101,Sudeste,Extrema,MG,-,-,Sociedade_de_economia_mista,Regional,Companhia_de_Saneamento_de_Minas_Gerais_,COPASA,54045,49177,4868,Com_delegacao_atendendo_apenas_Sede_-_DS,Prestacao_indireta_delegada_mediante_concessao_para_empresa_privada_ou_estatal,-,Integral,Contrato_de_Concessao,-,01/03/1980,17/08/2035,31040,0,17520,17479,1233,18753,240,19275,17537,19274,17536,1357,1235,240,0,0,0,18772,-,4450.8,4450.8,0,4450.8,4450.8,0,0,4450.8,23.78,214.04,6,0,22.25,0,0,22.25,5750,2145.11,958.5,3103.61,2145.04,958.5,3103.54,-,-,-,1324.94,1482.56,0,3085.13,4007.02,-,0,0,0,-,-,0,0,6285,677,677,62917,1452,1452,Sim,-,57.43,63.12,0,80.59,93.16,0,11.41,1.1,99.77,90.98,69.73,100,100,13.42,13.34,275.9,189.34,19.24,13.42,70.23,69.32,30.68,29.77,16.96,207.19,100,0.9,Nao_Calc.-_Div/0,Nao_Calc.-_Div/0,92.94,100,Nao_Calc.-_Div/0,36.12,357.55,67.35,8.46,8.46,1.63,3.8,6.79,165.89,5.19,4.39,4.38,700.6,130111.97,0.66,31.8,46.94,19.57,51.73,16.45,24.28,2.42,181.07,32
3133600,Sudeste,Itapeva,MG,-,-,Sociedade_de_economia_mista,Regional,Companhia_de_Saneamento_de_Minas_Gerais_,COPASA,12823,6676,6147,Com_delegacao_atendendo_apenas_Sede_-_DS,Prestacao_indireta_delegada_mediante_concessao_para_empresa_privada_ou_estatal,-,Integral,Contrato_de_Programa,-,01/12/1984,12/07/2043,5908,0,4034,4030,215,4249,40,4235,3787,4235,3787,226,202,40,0,0,0,3989,-,701.12,701.12,0,701.12,701.12,0,0,701.12,5.26,47.32,6,0,3.51,0,0,3.51,810,401.41,69.74,471.15,401.41,69.74,471.15,-,-,-,226.46,341.99,0,466.86,748.09,-,0,0,0,-,-,0,0,1148,141,141,20362,187,187,Sim,-,46.07,88.5,0,61.07,Nao_Calc.-_Regra_2_Nao_Atend.,0,11.14,1.05,99.9,89.42,67.2,100,100,9.27,9.19,220.11,186.15,13.8,9.27,67.7,66.59,33.41,32.3,13.11,153.8,100,1.07,Nao_Calc.-_Div/0,Nao_Calc.-_Div/0,144.41,100,Nao_Calc.-_Div/0,30.44,366.73,72.73,7.1,7.1,2.03,12.36,8.07,108.72,6.67,6.02,5.66,623.69,136313.4,0.72,41.29,59.02,20.38,79.64,32.88,47.01,4.66,107.02,30
3165404,Sudeste,Sapucai-Mirim,MG,-,-,Sociedade_de_economia_mista,Regional,Companhia_de_Saneamento_de_Minas_Gerais_,COPASA,6374,3864,2510,Com_delegacao_atendendo_apenas_Sede_-_DS,Prestacao_indireta_delegada_mediante_concessao_para_empresa_privada_ou_estatal,-,Integral,Contrato_de_Concessao,-,01/09/2001,01/12/2027,3509,0,2237,2237,203,2440,37,2295,2051,2294,2050,208,186,37,0,0,0,2237,-,311.12,311.12,0,311.12,311.12,0,0,311.12,3.25,29.27,6,0,1.56,0,0,1.56,460,209.36,33.21,242.57,209.36,33.21,242.57,-,-,-,66.99,180.7,0,237.37,18.6,-,0,0,0,-,-,0,0,69,90,90,8208,49,49,Sim,-,55.05,90.81,0,59.53,Nao_Calc.-_Regra_2_Nao_Atend.,0,12,1.03,100,89.37,77.97,100,100,8.81,8.62,190.61,163.46,11.3,8.81,78.47,76.3,23.7,21.53,6.27,82.04,100,0.06,Nao_Calc.-_Div/0,Nao_Calc.-_Div/0,91.2,100,Nao_Calc.-_Div/0,6.93,372.83,66.67,6.64,6.64,1.66,8.56,8.66,126.71,5.33,4.7,4.41,456.06,114381.44,0.99,43.71,68.47,1.75,66.43,29.04,45.49,5.46,131,17
3169109,Sudeste,Toledo,MG,-,-,Sociedade_de_economia_mista,Regional,Companhia_de_Saneamento_de_Minas_Gerais_,COPASA,7288,2769,4519,Com_delegacao_atendendo_Sede_e_Localidades_-_DSL,Prestacao_indireta_delegada_mediante_concessao_para_empresa_privada_ou_estatal,-,Integral,Contrato_de_Concessao,-,01/12/1988,14/10/2027,2567,0,2086,2085,138,2224,26,2195,1968,2195,1968,145,130,26,0,0,0,2098,-,372.93,372.93,0,372.93,372.93,0,0,372.93,2.84,25.57,6,0,1.86,0,0,1.86,410,205.65,32.19,237.84,205.64,32.19,237.83,-,-,-,133.23,177.81,0,237.4,351.08,-,0,0,0,-,-,0,0,136,66,66,11089,49,49,Sim,-,35.22,92.7,0,55.01,Nao_Calc.-_Regra_2_Nao_Atend.,0,11.5,1.05,99.95,89.66,63.77,100,100,9.03,9.01,255.83,219.49,14.16,9.03,64.27,63.66,36.34,35.73,14.28,174.98,100,0.94,Nao_Calc.-_Div/0,Nao_Calc.-_Div/0,168.02,100,Nao_Calc.-_Div/0,9.2,417.2,80,6.88,6.88,1.63,6.76,8.35,114.91,6.09,5.44,5.39,582.78,142065.44,0.76,44.42,52.81,20.95,78.29,34.78,41.34,4.63,115.28,30
3500600,Sudeste,Aguas_de_Sao_Pedro,SP,-,RM_de_Piracicaba_(SP),Sociedade_de_economia_mista,Regional,Companhia_de_Saneamento_Basico_do_Estado_de_Sao_Paulo,SABESP,2808,2808,0,Com_delegacao_atendendo_apenas_Sede_-_DS,Prestacao_indireta_delegada_mediante_contrato_de_programa,-,Integral,Contrato_de_Programa,-,27/12/2019,27/12/2049,2808,0,2477,2477,82,2559,0,2707,2419,2707,2419,82,82,0,0,0,0,2501,-,645.99,645.99,0,645.99,645.99,0,0,645.99,-,61.23,-,0,1.78,0,0,1.78,1550,346.76,213.17,559.93,346.76,213.17,559.93,-,-,-,84.28,406.29,0,656.07,757.19,-,5,10295,0,-,-,0,0,103,317,144,1876,31,31,Sim,-,100,100,Nao_Calc.-_Div/0,Nao_Calc.-_Regra_2_Nao_Atend.,Nao_Calc.-_Regra_2_Nao_Atend.,Nao_Calc.-_Div/0,23.93,1.09,100,89.36,86.68,100,100,17.24,20.2,548.05,338.33,19.89,17.24,86.95,101.56,-1.56,13.05,3.77,93.22,100,1.17,2059,Nao_Calc.-_Div/0,13.03,100,76.06,15.52,619.25,100,5.91,5.91,0.51,-5.54,37.79,86.4,6.88,6.59,6.68,1618.34,556836.63,0.77,50.84,62.01,13.39,112.98,57.44,70.06,3.5,93.55,30
3501608,Sudeste,Americana,SP,-,RM_de_Campinas_(SP),Autarquia,Local,Departamento_de_Agua_e_Esgoto_de_Americana,DAE,239636,238517,1119,Sede,Prestacao_direta_por_entidade_da_administracao_publica_indireta,-,Integral,-,-,20/11/1973,-,238517,0,82664,82664,2915,85579,3532,102719,97645,102719,97645,8546,2090,4353,0,0,0,-,-,37236.01,37236.01,0,37236.01,36047.08,0,0,37236.01,-,987,-,0,20,0.14,0.89,21.03,50000,14203,2082,16285,14203,2082,16285,711.34,180,891.34,20038.64,14902,0,17693,34713,-,1094,54700,1,Outro_(especificar),Manutencao_no_sistema_de_captacao_e_tratamento,102719,1,11452,26010,17140,2854949,867,867,Sim,-,99.53,100,0,94.51,95.01,0,11.53,1.24,100,95.06,43.73,100,96.81,13.21,14.35,187.3,163.14,30.21,13.21,43.79,47.52,52.48,56.21,58.1,693.68,100,0.93,50,102719,166.57,100,0.14,36.47,1333.29,74.19,3.16,3.16,0.92,0,495.18,105.62,3.02,3.02,3.02,520.11,113613.87,0.59,9.78,21.44,38.21,95.55,9.35,20.49,0,105.62,26
3501905,Sudeste,Amparo,SP,-,-,Autarquia,Local,Servico_Autonomo_de_Agua_e_Esgoto,SAAE,68690,54063,14627,Sede_e_localidades,Prestacao_direta_por_entidade_da_administracao_publica_indireta,-,Integral,-,-,01/01/1969,-,54063,0,24962,24962,1228,25974,-,27016,24234,27016,24234,1228,779,-,0,0,0,-,-,6879.49,6423.29,299.92,6723.21,6723.21,0,0,6879.49,4,341,-,0,156.28,0,0,156.28,15900,3467.92,458.09,3926.01,3340.2,48.53,3388.73,-,-,-,2797.2,4190.04,0,4843.1,4675,-,4,800,0,-,-,0,-,186,1278,1278,2556,222,222,Sim,-,78.71,100,0,84.74,Nao_Calc.-_Regra_2_Nao_Atend.,0,13.02,1.08,100,89.7,49.26,86.31,97.73,10.45,14.94,206.88,175.74,21.22,12.11,59.34,70.4,29.6,40.66,22.47,307.01,99.18,0.68,200,Nao_Calc.-_Div/0,2,100,0.74,5.42,151.28,93.33,3.39,3.39,7.85,-17.24,247.41,66.38,5.55,5.42,5.3,950.65,91938.65,0.75,55.13,57.96,13.69,156.24,86.13,90.55,0,81.43,25
3502002,Sudeste,Analandia,SP,-,RM_de_Piracicaba_(SP),Municipio,Local,Prefeitura_Municipal_de_Analandia,DAE,4636,3680,956,Sede_e_localidades,Prestacao_direta_por_orgao_da_administracao_publica_direta,-,Integral,-,-,-,-,3680,50,2202,2202,1767,2202,-,2202,2202,2202,2202,-,-,-,0,0,0,0,-,405,405,0,405,405,0,0,405,-,60,-,0,0,0,0.06,0.06,1340,204.22,0,204.22,200,0,200,50,49,99,101.72,200,0,400,33,GTA1001-_GTA1009-_GTA1013-_GTA1204-_GTA1205-_GTA1206-_GTA1209-_GTA1210-_GTA1215-_GTA1216-_GTA1203-_GTA1301_=_ESSES_SAO_OS_VALORES_FORNECIDOS_PELO_RESPONSAVEL_DO_SETOR,_NAO_POSSUI_OUTROS_VALORES_FORA_ESTES,_SOLICITO_A_FINALIZACAO_DO_PREENCHIMENTO."",4,200,0,-,-,0,-,20,-,10,12,100,100,Sim,-,80.46,100,5.23,86.76,Nao_Calc.-_Regra_2_Nao_Atend.,0,15.12,1,100,100,49.38,97.93,100,7.57,15.14,150.05,150,15.33,7.73,50.44,98.77,1.23,49.56,9.17,249.74,55.48,0.08,50,Nao_Calc.-_Div/0,1.2,100,2.27,0.91,440.4,100,1.07,1.07,0,0,0,137.64,0.77,0.77,0.77,140.72,34622.96,3.03,55.87,55.87,32.27,72.65,40.59,40.59,0,137.64,50"
3503802,Sudeste,Artur_Nogueira,SP,-,RM_de_Campinas_(SP),Autarquia,Local,Servico_de_Agua_e_Esgoto_de_Artur_Nogueira,SAEAN,51977,47060,4917,Sede,Prestacao_direta_por_entidade_da_administracao_publica_indireta,-,Integral,-,-,22/03/2002,-,47060,0,18330,18330,639,0,-,18457,17014,18457,17014,640,552,-,0,0,0,18909,-,4221.03,3487.68,733.35,4221.03,4221.03,0,0,4221.03,8,196,6,0,119.75,0,0,119.75,8705,2669.24,289.49,2958.73,2662.13,281.97,2944.1,-,-,-,1142.55,3009.57,0,3271.83,4656,-,3,2799,0,-,-,0,0,160,1406,1269,12286,248,182,Sim,-,90.54,100,0,80.1,92.9,0,10.33,1.01,100,92.18,69.75,99.51,100,13.29,14.77,179.22,155.4,19.06,13.36,72.93,77.51,22.49,27.07,15.97,170.77,0,1.1,933,Nao_Calc.-_Div/0,9.68,73.39,5.05,8.48,258.17,95.77,3.65,3.65,10.38,17.11,80.54,84.34,4.84,4.76,4.7,832.3,67934.72,0.74,30.07,31.77,22.41,128.46,38.63,40.82,1.72,71.05,25
"3504107,Sudeste,Atibaia,SP,-,-,Autarquia,Local,Saneamento_Ambiental_de_Atibaia,SAAE,160264,145866,14398,Sede,Prestacao_direta_por_entidade_da_administracao_publica_indireta,-,Integral,-,-,01/01/2021,-,137299,0,45765,45475,9031,45475,3,56065,48812,55363,48812,9031,8018,3,0,0,0,-,""Esclarecimento_:__No_municipio_de_Atibaia_ha__rede_de_atendimento_urbano_pelo_SAAE_(_Saneamento_Ambiental_de_Atibaia),_encontra-se___em_elaboracao_de_plano_municipal_de_saneamento_rural_."",16519.36,16519.36,0,16519.36,0,0,0,16519.36,2,625,8,0,165.19,8.79,4.8,178.78,17622,9482.24,1537.87,11020.11,6131.33,1503.6,7634.93,1068.22,82.6,1150.82,4169.65,7567.24,0,9506.76,11858,-,32,108507,3,Outro_(especificar),excesso_de_demanda_e_interrupcao__por_ser_cidade_turistica.,54256,0,1164,10434,4962,449520,1044,1044,Sim,-,85.67,94.13,0,76.16,83.97,0,11.41,1.23,99.37,87.06,46.22,69.28,0,11.49,14.13,223.47,189.21,24.55,16.38,67.79,57.55,42.45,32.21,23.32,318.51,82.99,0.72,3390.84,18085.33,90.59,100,8.29,20.69,172.05,100,6.46,6.46,7.21,9.82,120,94.74,7.35,7.29,5.52,936.52,134700.13,0.7,68.24,68.24,15.84,85.46,58.32,58.32,6.73,105.44,25"
3507100,Sudeste,Bom_Jesus_dos_Perdoes,SP,-,-,Municipio,Local,Prefeitura_Municipal_de_Bom_Jesus_dos_Perdoes,PMBJP,22228,19598,2630,Sede,Prestacao_direta_por_orgao_da_administracao_publica_direta,-,Integral,-,-,-,-,19598,0,8305,8305,825,0,0,8305,8305,8305,7401,825,0,0,0,0,1,0,-,2383.48,2184.39,199.09,2383.47,2383.48,0,0,2383.48,-,184,-,0,35.8,89,0,124.8,3980,1326,200,1526,1326,200,1526,152.54,19.9,172.44,560.24,1326,0,1526,2003,-,61,3050,0,-,-,0,-,32,243,243,1056,56,56,Sim,-,88.17,100,0,79.73,92.76,0.07,20.15,1,100,100,64.02,100,100,15.31,15.31,230.78,185.37,23.92,15.31,69.26,64.02,35.98,30.74,10.91,241.7,0,0.84,50,Nao_Calc.-_Div/0,4.35,100,0.6,3.31,136.15,100,2.16,2.16,6.69,0,0,26.75,8.65,8.65,2.66,489.26,24720.54,0.95,37.11,37.11,46.93,123.37,45.78,45.78,0,86.86,23
3507605,Sudeste,Braganca_Paulista,SP,-,-,Sociedade_de_economia_mista,Regional,Companhia_de_Saneamento_Basico_do_Estado_de_Sao_Paulo,SABESP,178607,173143,5464,Com_delegacao_atendendo_Sede_e_Localidades_-_DSL,Prestacao_indireta_delegada_mediante_contrato_de_programa,-,Integral,Contrato_de_Programa,-,30/06/2020,30/06/2050,167142,455,60583,60583,2124,62707,0,71636,64920,71879,65147,2117,2110,0,250,227,7,67284,-,13538.23,13473.67,64.56,13538.23,13538.23,0,0,13538.23,-,935.98,-,0,0.5,0,0,0.5,14950,8624.32,1984.58,10608.9,8624.32,1984.58,10608.9,-,-,-,2928.83,10246.76,0,12604.69,10894.41,-,47,338133,0,-,-,0,0,2924,4934,3082,64160,2487,1370,Sim,-,93.84,96.53,8.33,86.89,90.09,7.77,14.93,1.19,100,90.63,78.36,100,100,12.3,14.61,173.43,140.98,15.69,12.3,78.37,93.1,6.9,21.63,8.57,132.45,100,0.8,7194.32,Nao_Calc.-_Div/0,20.82,55.09,10.01,10.93,1211.66,100,4.86,4.86,0.66,4,54.55,101.5,4.82,4.3,3.63,635.78,309682.55,0.68,33.88,48.02,16.25,74.66,25.29,35.85,12.38,106.66,27
3508405,Sudeste,Cabreuva,SP,-,RM_de_Jundiai_(SP),Sociedade_de_economia_mista,Regional,Companhia_de_Saneamento_Basico_do_Estado_de_Sao_Paulo,SABESP,47486,40246,7240,Com_delegacao_atendendo_Sede_e_Localidades_-_DSL,Prestacao_indireta_delegada_mediante_contrato_de_programa,-,Integral,Contrato_de_Programa,-,18/12/2008,18/12/2038,38376,186,14245,14245,625,14870,0,15488,14360,15574,14440,622,619,0,86,80,3,15306,-,3372.52,3337.34,35.18,3372.52,3372.52,0,0,3372.52,-,195.02,-,0,9.41,0.22,0,9.63,5875,2288.68,239.31,2527.99,2288.68,239.31,2527.99,-,-,-,834.9,2647.99,0,2924.87,2182.23,-,0,0,0,-,-,0,0,251,960,530,6912,612,612,Sim,-,81.21,95.35,2.57,79.5,95.35,2.56,13.11,1.09,100,92.72,74.96,100,100,13.53,15.65,180.29,162.6,18.05,13.53,75.24,86.73,13.27,24.76,11.73,160.58,100,0.65,Nao_Calc.-_Div/0,Nao_Calc.-_Div/0,13.04,100,Nao_Calc.-_Div/0,7.78,1295,100,4.85,4.85,1.64,2.44,65.95,86.61,5.69,5.39,4.37,820.54,497449.47,0.94,42.82,55.28,16.1,90.14,38.6,49.83,10.89,99.28,31
"3509502,Sudeste,Campinas,SP,-,RM_de_Campinas_(SP),Sociedade_de_economia_mista,Local,Sociedade_de_Abastecimento_de_Agua_e_Saneamento,SANASA,1150488,1130705,19783,Sede,Prestacao_direta_por_entidade_da_administracao_publica_indireta,-,Integral,-,-,28/12/1973,-,1128946,17992,390989,390989,8745,237299,-,542553,491072,542553,491072,10234,6384,-,7908,7908,-,506281,-,102826.37,102826.37,0,102837.96,102837.96,11.59,0,102837.96,-,4811,-,0,679.14,121.48,542.87,1343.49,142098,71573.43,9696.69,81270.12,71552.7,9696.69,81249.39,-,-,-,20224.35,79483.36,0,90939.83,63775,""Desconsideramos_os_erros_EGTA1006_e_EGTA1008,_pois_os_valores_GTA1004_=(GTA1001+GTA1009)_e_GTA1005=(GTA1001_+_GTA1009),_exatamente_a_realidade_da_SANASA."",1,61254,0,-,-,0,0,11100,13760,13760,121317,8977,8977,Sim,-,99.69,99.84,90.95,99.82,99.97,90.95,12.04,1.41,100,90.65,79.01,99.97,100,12.48,13.77,197.34,170.97,15.57,12.3,80.33,88.43,11.57,19.67,11.52,141.72,59.36,0.62,61254,Nao_Calc.-_Div/0,8.82,100,11.13,4.52,240.91,60.32,6.6,6.6,11.59,13.2,65.92,108.28,6.89,6.52,5.06,835.56,254441.45,0.45,54.16,63.7,6.3,76.67,41.52,48.84,20.63,102.3,22"
3509601,Sudeste,Campo_Limpo_Paulista,SP,-,RM_de_Jundiai_(SP),Sociedade_de_economia_mista,Regional,Companhia_de_Saneamento_Basico_do_Estado_de_Sao_Paulo,SABESP,78411,78411,0,Com_delegacao_atendendo_Sede_e_Localidades_-_DSL,Prestacao_indireta_delegada_mediante_concessao_para_empresa_privada_ou_estatal,-,Integral,Contrato_de_Concessao,-,09/04/1998,09/04/2028,63764,0,24191,24191,1271,25462,0,25495,23581,25495,23581,1271,1271,0,0,0,0,25621,-,12054.73,12054.73,0,12054.73,12054.73,0,0,12054.73,-,326.27,-,6191.42,12.73,0.05,170.36,183.14,11380,3383.77,466.47,3850.24,3383.77,466.47,3850.24,-,-,-,1829.93,3998.57,0,4549.8,8275.31,-,94,192041,0,-,-,0,0,711,2442,1114,9124,448,233,Sim,-,81.32,81.32,Nao_Calc.-_Div/0,79.49,79.49,Nao_Calc.-_Div/0,12.81,1.05,100,92.49,65.67,100,100,12.58,-5.37,173.3,145.39,19.16,12.58,68.79,37.74,62.26,15.18,15.37,207.25,100,0.69,2042.99,Nao_Calc.-_Div/0,8.19,52.01,8.01,12.37,1051.78,100,-13.16,4.75,0.7,-0.77,70.14,93.52,5.11,4.65,3.01,537.56,255535.38,0.24,42.88,59.58,14.73,63.45,27.21,37.8,17.68,121.04,39
3510401,Sudeste,Capivari,SP,-,RM_de_Piracicaba_(SP),Autarquia,Local,Servico_Autonomo_de_Agua_e_Esgoto,SAAE,50570,47788,2782,Sede,Prestacao_direta_por_entidade_da_administracao_publica_indireta,-,Integral,-,-,15/07/1970,-,47788,0,20303,20253,1945,0,0,20303,20253,20253,17802,1945,-,-,0,0,-,-,-,11000,2700,8300,11000,11000,0,0,11000,13,294,6,0,300,1.5,1.5,303,9400,3331.63,0,3331.63,3135,0,3135,1405,700,2105,5260.37,3730.76,0,3730.76,5972,-,10,10000,0,-,-,0,-,763,499,499,5400,344,344,Sim,-,94.5,100,0,98.29,Nao_Calc.-_Regra_2_Nao_Atend.,0,13.21,1,99.75,99.75,28.5,94.1,100,12.9,15.31,208.38,191.01,45.15,13.67,33.04,33.92,66.08,66.96,68.64,993.9,0,0.54,1000,Nao_Calc.-_Div/0,10.82,100,4.93,6.22,209.31,97.94,3.33,3.33,22.18,0,47.12,72.22,5.92,5.88,5.61,1030.12,80364.61,0.61,36.5,37.22,17.45,168.47,61.5,62.7,0,76.27,29
3511706,Sudeste,Charqueada,SP,-,RM_de_Piracicaba_(SP),Sociedade_de_economia_mista,Regional,Companhia_de_Saneamento_Basico_do_Estado_de_Sao_Paulo,SABESP,15691,14236,1455,Com_delegacao_atendendo_Sede_e_Localidades_-_DSL,Prestacao_indireta_delegada_mediante_contrato_de_programa,-,Integral,Contrato_de_Programa,-,02/07/2012,02/07/2042,14236,1121,6907,6907,317,7224,0,6030,5503,6949,6342,282,247,0,919,839,35,6624,-,1647.91,1647.91,0,1647.91,1647.91,0,0,1647.91,-,85.81,-,0,6,0,0,6,2775,939.38,104.4,1043.78,939.38,104.4,1043.78,-,-,-,598.13,1109.44,0,1232.75,3081.96,-,5,14916,0,-,-,0,0,261,862,530,8756,101,101,Sim,-,97.87,100,77.04,96.08,100,76.4,11.88,1.01,100,91.26,63.34,100,100,12.52,14.78,187.28,167.59,19.76,12.52,63.7,74.81,25.19,36.3,19.1,237.25,100,1.87,2983.2,Nao_Calc.-_Div/0,16.52,100,42.93,16.16,986.71,100,4.48,4.48,0.74,1.88,61.23,54.05,8.35,8.9,8.51,1509.66,693945.03,0.67,46.3,60.18,19.79,189.88,87.92,114.26,7.56,55.51,36
3512407,Sudeste,Cordeiropolis,SP,-,RM_de_Piracicaba_(SP),Autarquia,Local,Servico_Autonomo_de_Agua_e_Esgoto_de_Cordeiropolis,SAAE,24762,22241,2521,Sede_e_localidades,Prestacao_direta_por_entidade_da_administracao_publica_indireta,-,Integral,-,-,29/06/1971,-,22241,2521,9637,9598,271,9869,0,10225,9402,10186,9369,271,228,0,463,463,0,463,-,2687.44,2652.47,32.97,2652.47,2652.47,0,0,2687.44,10,85,5,0,1.2,0,2.8,4,5942,1311.17,125.19,1436.36,1207.89,103.92,1311.81,-,-,-,1247.08,134.63,0,1743.02,19966,-,0,0,0,-,-,0,0,45,405,405,21874,160,160,Sim,-,100,100,100,Nao_Calc.-_Regra_2_Nao_Atend.,Nao_Calc.-_Regra_2_Nao_Atend.,34.79,8.58,1.11,99.6,92.3,48.81,91.33,98.7,10.73,13.59,159.36,145.07,20.95,11.2,53.6,64.86,35.14,46.4,40.2,354.54,99.61,7.43,Nao_Calc.-_Div/0,Nao_Calc.-_Div/0,54.01,100,Nao_Calc.-_Div/0,4.21,267.69,69.44,2.9,2.9,10.03,10.03,233.55,90.67,3.56,3.5,3.56,580.2,94806.08,0.13,38.22,41.07,41.19,122.58,46.85,50.34,0,81.58,20
3512704,Sudeste,Corumbatai,SP,-,RM_de_Piracicaba_(SP),Municipio,Local,Prefeitura_Municipal_de_Corumbatai,PMC,4237,2289,1948,Sede,Prestacao_direta_por_orgao_da_administracao_publica_direta,-,Integral,-,-,-,-,2289,652,1666,1666,117,1666,-,1445,1341,1666,1341,117,-,-,221,202,33,-,-,420.74,358.09,0,358.09,358.09,0,0,420.74,-,23,-,0,0.85,0.85,8.94,10.64,860,174.53,93.92,268.45,174.53,93.92,268.45,-,-,-,141.65,217.31,0,287.51,52,-,0,0,1,Baixa_disponibilidade_do_manancial,-,1486,-,12,6,4,8,70,70,Nao,-,69.41,100,33.47,68.25,Nao_Calc.-_Regra_2_Nao_Atend.,18.8,12.9,1,100,92.62,63.8,100,85.11,13.43,14.38,259.99,162.59,21.05,13.43,66.33,68.33,31.67,33.67,16.87,232.94,93.44,0.12,Nao_Calc.-_Div/0,1486,2,100,89.2,1.08,277.67,100,1.71,1.71,0,0,275.66,55.98,3.05,3.05,2.27,392.6,61391.52,0.89,56.32,56.32,7.05,133.38,75.11,75.11,0,74.98,17
"3512803,Sudeste,Cosmopolis,SP,-,RM_de_Campinas_(SP),Municipio,Local,Prefeitura_Municipal_de_Cosmopolis,PMC,60371,56068,4303,Sede,Prestacao_direta_por_orgao_da_administracao_publica_direta,-,Integral,-,-,-,-,56068,0,19032,19032,1072,19049,-,20189,18855,20172,18840,-,-,-,0,0,0,24204,""Nao_ha_rede_de_distribuicao_de_agua_na_area_Rural_do_municipio._Valores_baseados_em_informacoes_do_sistema_operacional_CEBI._Temos_a_informar_que_o_campo__GTA0018__foi_preenchido_conforme_informacao_constante_do_IBGE_(""""DOMICILIOS""""),_constante__do_campo__GAP_2103_da_Drenagem_Urbana."",7145.28,7145.28,0,7145.28,7145.28,0,0,7145.28,19,170,7,0,300,0,80,380,7500,4746.19,353.79,5099.98,4746.19,353.79,5099.98,-,-,-,1665.3,4746.19,0,5099.98,4997,""O_volume_informado_nos_campos_GTA_1001_e_GTA_1014_sao_baseados_no_medidor_de_vazao_existente_na_captacao_da_Agua_Bruta._Nao_ha_medidores_de_vazao_na_saida_das_adutoras_da_ETA,_que_alimenta_o_sistema_de_abastecimento_da_area_urbana_da_cidade._Nao_ha_rede_de_distribuicao_de_agua_na_area_Rural_do_municipio._Valores_baseados_em_informacoes_do_sistema_operacional_CEBI._O_volume_medio_p/_hora,_captado_de_agua_bruta_no_ano_de_2023,_utilizado_no_sistema_de_tratamento_e_de_827_m3/h.__No_municipio_de_Cosmopolis/SP_o_consumo_minimo_de_agua_(a_ser_faturado),__e_de_20_m3_/mes."",3,8000,0,-,-,0,0,85,1804,1804,192,174,174,Sim,-,92.87,100,0,72.14,77.9,0,8.46,1.06,100,93.39,71.38,100,100,21.07,21.05,267.78,231.92,29.49,21.05,76.69,71.38,28.62,23.31,26.84,239.73,94.75,0.7,2666.67,Nao_Calc.-_Div/0,0.11,100,13.21,9.36,279.88,86.76,2.68,2.68,0,23.68,121,99.38,2.7,2.7,2.3,580.67,117564.72,0.67,59.17,59.2,28.47,85.62,50.66,50.69,0,89.14,25"
3514106,Sudeste,Dois_Corregos,SP,-,-,Autarquia,Local,Servico_Autonomo_de_Agua_e_Esgoto_de_Dois_Corregos,SAAEDOCO,24755,23440,1315,Sede_e_localidades,Prestacao_direta_por_entidade_da_administracao_publica_indireta,-,Integral,-,-,30/06/1998,-,23440,1315,11419,11419,898,0,0,11419,9377,11419,9377,898,889,0,438,438,9,-,-,2909.52,1425.6,1483.92,2909.52,935.28,0,0,2909.52,10,146,3,0,58.19,87.29,58.19,203.67,4975,1507.87,139.92,1647.79,1507.87,139.92,1647.79,-,-,-,1058.06,1660.76,0,2039.25,2999,-,6,6000,0,-,-,0,0,25,32,12,36,126,126,Sim,-,100,100,100,86.35,91.38,38.14,11.85,1.04,100,82.78,56.63,100,32.15,12.03,14.33,204.91,166.88,20.45,11.58,63.63,70.09,29.91,36.37,19.85,253.86,0,1.03,1000,Nao_Calc.-_Div/0,3,100,8.43,0.48,1141.9,100,2.49,2.49,0,0,115.83,124.85,1.99,1.97,1.99,342.91,145622.06,0.73,35.82,35.82,53.74,80.1,28.69,28.69,0,124.85,45
3514908,Sudeste,Elias_Fausto,SP,-,RM_de_Piracicaba_(SP),Sociedade_de_economia_mista,Regional,Companhia_de_Saneamento_Basico_do_Estado_de_Sao_Paulo,SABESP,17878,14232,3646,Com_delegacao_atendendo_Sede_e_Localidades_-_DSL,Prestacao_indireta_delegada_mediante_contrato_de_programa,-,Integral,Contrato_de_Programa,-,02/03/2011,02/03/2041,14232,531,6029,6029,276,6305,0,6101,5447,6101,5447,276,276,0,0,0,0,5723,-,1212,0,1212,1212,1212,0,0,1212,-,92.09,-,0,0.05,0.32,1.8,2.17,1480,828.1,126.35,954.45,828.1,126.35,954.45,-,-,-,255.38,958.12,0,1104.3,1368.14,-,1,231,0,-,-,0,0,54,604,227,1865,190,99,Sim,-,82.58,100,14.56,75.87,99.19,0,14.61,1.01,100,89.28,78.75,100,100,13.04,15.08,177.53,153.68,16.55,13.04,78.93,91.11,8.89,21.07,7.6,116.05,100,1.13,231,Nao_Calc.-_Div/0,8.22,52.11,3.79,10.79,2009.67,100,4.61,4.61,0.85,3.15,59.25,74.44,6.24,5.93,3.58,647.95,473633.38,0.57,35.94,78.44,19.68,77.67,27.92,60.93,35.85,85.98,23
3519055,Sudeste,Holambra,SP,-,RM_de_Campinas_(SP),Empresa_privada,Local,Aguas_de_Holambra,AGHOL,15249,11045,4204,Com_delegacao_atendendo_apenas_Sede_-_DS,Prestacao_indireta_delegada_mediante_concessao_para_empresa_privada_ou_estatal,-,Integral,Contrato_de_Concessao,-,12/01/2016,12/01/2046,11045,173,4948,4946,162,0,0,4902,4337,4966,4398,-,-,0,66,61,-,-,Existem_ligacoes_no_municipio_com_consumo_fixo,2442,2442,0,2442,0,0,0,2442,47,56,2,0,37.89,0,0,37.89,5575,915.22,951.7,1866.92,882.13,936.49,1818.62,-,-,-,537.19,969.45,0,1931.46,1698,-,0,0,0,-,-,0,-,88,153,153,2085,211,211,Sim,O_NUMERO_DE_REPAROS_E_SUPERIOR_AO_NUMERO_DE_RECLAMACOES_POIS_AS_EQUIPES_OPERACIONAIS_ATUAM_PREVENTIVAMENTE,73.57,100,4.12,72.98,96.29,4.01,10.96,1,99.96,88.53,74.47,97.41,0,30.52,32.4,465.2,223.52,40.96,31.32,78,79.09,20.91,22,26.28,297.44,0,0.7,Nao_Calc.-_Div/0,Nao_Calc.-_Div/0,13.63,100,Nao_Calc.-_Div/0,4.85,549.78,100,3.12,3.12,0.75,2.72,53.4,170.67,1.84,1.32,1.44,559.18,28176.42,0.55,9.13,31.28,33.86,46.04,4.2,14.4,2.51,164.14,30
3519071,Sudeste,Hortolandia,SP,-,RM_de_Campinas_(SP),Sociedade_de_economia_mista,Regional,Companhia_de_Saneamento_Basico_do_Estado_de_Sao_Paulo,SABESP,239048,239048,0,Com_delegacao_atendendo_apenas_Sede_-_DS,Prestacao_indireta_delegada_mediante_concessao_para_empresa_privada_ou_estatal,-,Integral,Contrato_de_Concessao,-,21/03/1997,21/03/2027,234258,0,78939,78939,2812,81751,0,94009,87771,94008,87771,2812,2812,0,0,0,0,90654,-,22955.94,22890.3,65.64,22955.94,22955.94,0,0,22955.94,-,751.54,-,4531.75,1.04,0.85,163.04,164.93,40710,12474.91,1634.47,14109.38,12474.91,1634.47,14109.38,-,-,-,4149.88,14175.28,0,16032.54,5815.04,-,80,725046,0,-,-,0,0,1622,7711,3931,56956,2634,1449,Sim,-,98,98,Nao_Calc.-_Div/0,95.22,95.22,Nao_Calc.-_Div/0,9.19,1.19,100,93.36,76.58,100,100,12.51,10.19,166.94,145.9,16.33,12.51,77.48,69.84,30.16,18.08,15.13,144.03,100,0.25,9063.08,Nao_Calc.-_Div/0,14.49,55.01,9.64,9.93,2321.74,100,6.81,4.88,2.51,0.07,81.63,123.13,4.07,3.23,2.45,417.25,323071.1,1.8,28,40.03,26.75,50.1,14.03,20.05,21.15,126,28
"3520509,Sudeste,Indaiatuba,SP,-,RM_de_Campinas_(SP),Autarquia,Local,Servico_Autonomo_de_Agua_e_Esgotos,SAAE,258356,255759,2597,Sede,Prestacao_direta_por_entidade_da_administracao_publica_indireta,-,Integral,-,-,02/07/1968,-,247254,0,93350,93350,10805,36180,-,110097,98866,110097,98866,13736,-,-,0,0,0,-,-,25837.92,25837.92,0,25837.92,25837.92,0,0,25837.92,35,1236,-,0,50.49,1.13,38.52,90.14,50626,15853.71,2174.36,18028.07,15853.71,2174.36,18028.07,2099.01,129.19,2228.2,5491.51,16274.98,0,18520.39,22258,""O_calculo_do_GTA1206_-_Volume_de_agua_de_uso_social_foi_feito_com_base_na_estimativa_de_pessoas_que_frequentam_os_principais_parques_do_municipio_(Parque_do_Mirim,_Parque_Ecologico_e_Museu_da_Agua)_e_o_consumo_medio_de_pessoa/h_de_bebedouro_e_banheiro._O_GTA1215_-_Volume_de_agua_submedido_por_imprecisao_foi_calculado_com_base_no_percentual_de_submedicao_indicado_no_Plano_de_Perdas_de__2023._O_GTA1216_-_Volume_de_consumo_de_agua_nao_autorizado_foi_calculado_usando_0,5%_do_volume_disponibilizado,_conforme_sugerido."",0,0,0,-,-,0,-,206,4573,4573,13719,1250,1250,Sim,-,95.7,96.67,0,95.86,96.98,0,11.87,1.18,100,89.8,69.77,100,100,13.65,14.02,200.76,175.67,19.56,13.65,70.12,71.68,28.32,29.88,17.11,226.57,34.74,0.86,Nao_Calc.-_Div/0,Nao_Calc.-_Div/0,3,100,Nao_Calc.-_Div/0,4.34,312.21,100,4.97,4.97,8.39,1.6,82.6,122.57,4.43,4.35,4.05,680.99,91804.99,0.66,36.61,36.61,19.48,81.46,29.82,29.82,1.38,127.21,25"
3521101,Sudeste,Ipeuna,SP,-,RM_de_Piracicaba_(SP),Municipio,Local,Prefeitura_Municipal_de_Ipeuna,PMI,6900,5939,961,Sede_e_localidades,Prestacao_direta_por_orgao_da_administracao_publica_direta,-,Integral,-,-,-,-,5939,141,3368,3368,155,0,-,3331,3048,3368,3048,155,140,-,37,34,7,-,-,655.3,182.1,473.2,655.3,655.3,0,0,655.3,-,55,-,0,0.5,0.05,3.49,4.04,1005,442.26,28.95,471.21,442.26,28.95,471.21,-,-,-,180.05,470.56,0,502.07,558,-,0,0,0,-,-,0,-,376,376,376,188,28,26,Nao,-,88.12,100,14.67,93.76,Nao_Calc.-_Regra_2_Nao_Atend.,5.95,15.61,1,100,91.51,71.91,100,100,11.66,12.42,214.15,199.29,16.21,11.66,72.52,76.62,23.38,27.48,8.97,146.46,0,0.85,Nao_Calc.-_Div/0,Nao_Calc.-_Div/0,0.5,92.86,Nao_Calc.-_Div/0,22.33,421,100,3.59,3.59,2.27,7.91,46.38,125.11,2.94,2.94,2.4,358.15,41169.83,1.21,27.3,27.3,55.75,66.9,18.27,18.27,0,140.85,26
3521408,Sudeste,Iracemapolis,SP,-,RM_de_Piracicaba_(SP),Municipio,Local,Prefeitura_Municipal_de_Iracemapolis,PMI,22189,21731,458,Sede,Prestacao_direta_por_orgao_da_administracao_publica_direta,-,Integral,-,-,-,-,21731,42,9323,9177,508,9620,0,9323,8229,9177,8229,508,508,-,6,6,-,-,GTA0003_informacoes_retiradas_do_relatorio_sonar____---__GTA0002_informacao_de_6_economias_cadastradas_no_sistema_do_municipio_e__pela_metodo_de_7_moradores_por_economia.,2869.77,2869.77,0,2869.77,2869.77,0,0,2869.77,6,114,6,0,43.8,0,0,43.8,2124,1226.4,132.69,1359.09,1014.41,107.12,1121.53,-,-,-,1466.88,1240.03,0,1415.7,726,-,0,0,0,-,-,0,-,53,-,821,410,165,139,Sim,-,98.13,100,9.17,Nao_Calc.-_Regra_2_Nao_Atend.,Nao_Calc.-_Regra_2_Nao_Atend.,2.61,11.6,1,98.43,88.27,39.08,82.52,100,10.18,12.65,176.53,154.32,25.63,12.14,48.89,49.33,50.67,51.11,35.25,431.07,97.85,0.25,Nao_Calc.-_Div/0,Nao_Calc.-_Div/0,0.5,84.24,Nao_Calc.-_Div/0,0.57,332.96,100,1.87,1.87,22.27,0,96.73,28,8.59,8.45,4.15,629.48,92911.91,3.68,44.3,44.3,45.51,221.94,98.32,98.32,0,57.97,34
3523404,Sudeste,Itatiba,SP,-,RM_de_Campinas_(SP),Sociedade_de_economia_mista,Regional,Companhia_de_Saneamento_Basico_do_Estado_de_Sao_Paulo,SABESP,122824,103693,19131,Com_delegacao_atendendo_Sede_e_Localidades_-_DSL,Prestacao_indireta_delegada_mediante_contrato_de_programa,-,Integral,Contrato_de_Programa,-,02/07/2013,02/07/2043,103693,8183,35848,35800,1194,36994,0,42597,38772,45896,41832,1194,1107,0,3362,3060,87,43027,-,10157.51,10083.17,74.34,10157.51,10157.51,0,0,10157.51,-,516.04,-,0,2.83,0,3.65,6.48,18775,6286.85,847.05,7133.9,6286.85,847.05,7133.9,-,-,-,3017.13,7270.6,0,8250.2,7607.97,-,27,70657,0,-,-,0,0,787,4042,2053,22151,473,473,Sim,-,91.09,100,42.77,83.25,100,26.66,13.93,1.28,99.87,91.02,70.23,100,100,12.95,14.96,174.86,153.96,18.42,12.94,70.3,81.22,18.78,29.7,16.02,230.59,99.87,0.75,2616.93,Nao_Calc.-_Div/0,10.79,100,5.69,10.51,716.96,100,4.94,4.94,0.52,0.34,52.98,103.94,4.77,4.2,3.42,613.72,191494.21,0.71,33.95,48.68,19.23,69.25,23.51,33.71,14.8,112.93,37
"3523602,Sudeste,Itirapina,SP,-,-,Municipio,Local,Prefeitura_Municipal_de_Itirapina,P.M.I,16310,14710,1600,Sede_e_localidades,Prestacao_direta_por_orgao_da_administracao_publica_direta,-,Integral,-,-,-,-,14572,0,7026,7026,406,7432,0,7432,6504,7026,6504,406,381,0,0,0,0,0,-,1524.49,0,1524.49,1524.49,1524.49,0,0,1524.49,6,96,6,0,0,0,0,0,1125,943.55,84.97,1028.52,943.55,84.97,1028.52,-,-,-,495.97,1148.62,0,1259.89,920,""CAMPO_GTA1002_-_O_MUNICIPIO_NAO_POSSUI_ETAs,__TEMOS_POCOS_ARTESIANOS."",0,0,0,-,-,0,0,21,903,601,1200,109,109,Sim,GTA3001_-_NAO_TIVEMOS__PARALISACAO_ACIMA_DE_06:00H,89.34,99.06,0,89.13,Nao_Calc.-_Regra_2_Nao_Atend.,0,12.92,1.06,100,87.51,67.47,100,100,12.2,14.13,193.38,177.4,17.09,11.53,67.47,82.64,17.36,32.53,14.15,193.4,100,0.6,Nao_Calc.-_Div/0,Nao_Calc.-_Div/0,2,100,Nao_Calc.-_Div/0,12.43,156.13,100,1.78,1.78,12.59,0,35.12,56.85,3.58,3.52,3.58,607.38,45999.72,0.88,45.86,45.86,17.84,201.23,92.28,92.28,0,56.85,25"
3523909,Sudeste,Itu,SP,-,RM_de_Sorocaba_(SP),Autarquia,Local,Companhia_Ituana_de_Saneamento,CIS,169935,159045,10890,Sede,Prestacao_direta_por_entidade_da_administracao_publica_indireta,-,Integral,-,-,02/02/2017,-,144666,0,57987,57987,5063,63050,-,57987,51032,57987,51032,-,-,-,0,0,0,59545,-,22405.36,22212,193.36,22212,22212,0,0,22405.36,54,794,5,0,0,0,70.37,70.37,37887,6132.48,1089.26,7221.74,6132.48,1089.26,7221.74,1083.26,306.32,1389.58,13723.67,8558.7,0,10110.71,15753,-,283,62912,0,-,-,0,0,857,6788,6788,1557067,818,818,Sim,-,85.13,90.96,0,68.45,75.55,0,12.59,1,100,88.01,32.23,100,99.14,10.38,14.53,138.1,116.14,32.2,10.38,32.55,45.13,54.87,67.45,52.15,714.06,100,0.7,222.3,Nao_Calc.-_Div/0,229.39,100,0.38,13.18,411.26,53.9,4.61,4.61,4.21,8.95,99.22,161.92,2.97,2.93,2.97,518.39,75042.92,0.53,18.97,49.08,27.56,64.47,12.23,31.65,0,147.43,25
3524006,Sudeste,Itupeva,SP,-,RM_de_Jundiai_(SP),Sociedade_de_economia_mista,Regional,Companhia_de_Saneamento_Basico_do_Estado_de_Sao_Paulo,SABESP,71349,61959,9390,Com_delegacao_atendendo_Sede_e_Localidades_-_DSL,Prestacao_indireta_delegada_mediante_contrato_de_programa,-,Integral,Contrato_de_Programa,-,02/07/2012,02/07/2042,58861,0,21503,21503,915,22418,0,25355,23423,25355,23423,915,915,0,0,0,0,24353,-,5459.11,5459.11,0,5459.11,5459.11,0,0,5459.11,-,342.3,-,0,14,1.7,0,15.7,8120,3572.88,654.23,4227.11,3572.88,654.23,4227.11,-,-,-,1216.3,4084.81,0,4832.77,5172.55,-,32,80292,0,-,-,0,0,767,1298,752,9419,665,665,Sim,-,82.5,95,0,82.04,95,0,15.27,1.18,100,92.38,77.43,100,100,13.89,15.88,197.48,166.3,17.94,13.89,77.72,88.53,11.47,22.28,9.74,154.97,100,0.95,2509.13,Nao_Calc.-_Div/0,12.53,100,9.9,8.14,1535.93,100,5.26,5.26,0.65,1.67,55.55,111.03,4.77,4.19,4.01,763.86,611216.25,0.72,44.18,56.83,19.25,76.22,33.68,43.32,4.77,116.7,25
"3524709,Sudeste,Jaguariuna,SP,-,RM_de_Campinas_(SP),Municipio,Local,Prefeitura_Municipal_de_Jaguariuna,3524709,59955,58226,1729,Sede_e_localidades,Prestacao_direta_por_orgao_da_administracao_publica_direta,-,Integral,-,-,-,-,58226,0,22608,22608,898,23506,0,28509,26031,28509,26031,898,695,0,0,0,0,773,""Os_domicilios_da_area_rural,_sao_atendidos_com_solucoes_individuais_(pocos)_com_assistencia_tecnica_do_Departamento_de_Tratamento_e_Abastecimento_de_Agua_para_monitoramento_da_qualidade_das_aguas,_e_com_caminhoes_pipa."",6823.22,6517.01,298.73,6815.73,6823.22,0,0,6823.22,2,215,3,0,26.22,0,0,26.22,15280,4029,419.41,4448.41,4029,419.41,4448.41,-,-,-,2348.59,3952.73,0,3952.73,6472,""Volume_faturado_total_de_todas_as_categorias_em_2023_=_4371,07_1000m3/ano"",0,0,6,Outro_(especificar),rompimento_de_adutora_e_falta_de_energia,1923,0,527,1316,1243,4972,647,647,Sim,-,97.12,100,0,Nao_Calc.-_Regra_2_Nao_Atend.,Nao_Calc.-_Regra_2_Nao_Atend.,0,9.15,1.26,100,91.31,65.2,100,100,13,11.55,210.55,189.58,19.94,13,65.58,57.93,42.07,34.42,29.93,284.61,100,0.95,Nao_Calc.-_Div/0,320.5,4,100,1.12,6.46,275.71,98.78,2.38,2.38,4.21,23.15,43.48,51.81,4.8,4.69,3.63,502.81,51094.97,0.65,28.87,29.09,29.51,152.25,43.96,44.28,19.04,46.24,42"
3525201,Sudeste,Jarinu,SP,-,RM_de_Jundiai_(SP),Sociedade_de_economia_mista,Regional,Companhia_de_Saneamento_Basico_do_Estado_de_Sao_Paulo,SABESP,37924,29308,8616,Com_delegacao_atendendo_Sede_e_Localidades_-_DSL,Prestacao_indireta_delegada_mediante_contrato_de_programa,-,Integral,Contrato_de_Programa,-,02/07/2008,02/07/2038,23210,0,11037,11034,712,11746,0,11327,10474,11324,10474,712,712,0,0,0,0,11206,-,2134.54,2134.54,0,2134.54,2134.54,0,0,2134.54,-,170.91,-,0,0.26,0,0,0.26,3810,1436.13,149,1585.13,1436.13,149,1585.13,-,-,-,549.15,1786.83,0,1972.21,1536.92,-,21,39187,0,-,-,0,0,299,734,381,4428,809,453,Sim,-,61.2,79.19,0,60.39,79.19,0,14.55,1.03,99.97,92.47,74.26,100,100,11.66,14.51,187.14,169.52,15.7,11.66,74.27,92.4,7.6,25.73,8.8,136.32,99.97,0.72,1866.05,Nao_Calc.-_Div/0,11.62,56,16.47,9.12,2759.25,100,4.62,4.62,1.32,1.68,79.08,105.32,4.44,3.95,3.22,560.57,602828.28,0.84,37.98,55.05,20.44,69.76,26.49,38.4,7.95,122.87,39
3525508,Sudeste,Joanopolis,SP,-,-,Sociedade_de_economia_mista,Regional,Companhia_de_Saneamento_Basico_do_Estado_de_Sao_Paulo,SABESP,12944,12944,0,Com_delegacao_atendendo_apenas_Sede_-_DS,Prestacao_indireta_delegada_mediante_contrato_de_programa,-,Integral,Contrato_de_Programa,-,30/06/2020,30/06/2050,9198,0,4652,4652,138,4790,0,4792,4285,4791,4285,138,138,0,0,0,0,4641,-,837.52,801.89,35.63,837.52,837.52,0,0,837.52,-,89.04,-,0,0,0,0,0,1210,576.79,97.26,674.05,576.79,97.26,674.05,-,-,-,163.47,703.25,0,821.84,147.9,-,13,15974,0,-,-,0,0,69,223,153,3378,138,99,Sim,-,71.06,71.06,Nao_Calc.-_Div/0,67.4,67.4,Nao_Calc.-_Div/0,18.59,1.03,100,89.42,80.48,100,100,11.72,14.29,200.77,171.8,14.56,11.72,80.48,98.13,1.87,19.52,5.03,96.27,100,0.18,1228.77,Nao_Calc.-_Div/0,22.08,71.74,25.64,6.09,775.33,100,4.79,4.79,0.76,5.22,57.64,72.66,6.64,6.64,6.87,1177.9,287768.89,0.92,30.59,79.66,2.41,143.39,43.86,114.22,7.87,66.25,17
3525904,Sudeste,Jundiai,SP,-,RM_de_Jundiai_(SP),Sociedade_de_economia_mista,Local,DAE_S/A_-_Agua_e_Esgoto,DAE_Jundiai,447720,428460,19260,Sede,Prestacao_direta_por_entidade_da_administracao_publica_indireta,-,Integral,-,-,05/10/1999,-,428307,17846,116869,116471,6105,121804,639,192194,179398,195306,182482,9074,7597,642,3587,3481,247,185415,-,50924.71,46502.21,4422.5,46637.99,50924.71,0,0,50924.71,55.73,2026.08,6,0,869.61,0,527.94,1397.55,81334,24944.8,8020.28,32965.08,24761.39,7990.05,32751.44,3795.2,99.02,3894.22,12667.86,28433.55,0,37344.8,41972.94,-,199,177201,0,-,-,0,0,2585,12099,10397,10195,1107,1065,Sim,-,99.65,99.96,92.66,Nao_Calc.-_Regra_2_Nao_Atend.,Nao_Calc.-_Regra_2_Nao_Atend.,43.31,16.48,1.68,99.66,93.41,64.31,99.35,100,13.97,15.9,211.01,153.18,21.68,14.03,67.48,73.33,26.67,32.52,22.4,388.26,99.05,0.82,890.46,Nao_Calc.-_Div/0,0.98,96.21,0.45,7.5,105.19,52.75,5.19,5.19,3.55,4.05,71.53,119.43,4.51,4.24,4.09,780.95,93373.92,0.55,35.79,44.04,15.21,78.84,28.21,34.72,3.06,119.59,38
"3526902,Sudeste,Limeira,SP,-,RM_de_Piracicaba_(SP),Empresa_privada,Local,BRK_Ambiental_-_Limeira_S.A.,BRKL,294801,286004,8797,Com_delegacao_atendendo_Sede_e_Localidades_-_DSL,Prestacao_indireta_delegada_mediante_concessao_para_empresa_privada_ou_estatal,-,Integral,Contrato_de_Concessao,-,02/06/1995,22/08/2039,286004,4398,106801,106801,4220,111021,72,134318,117750,134318,117750,5842,3968,72,0,0,0,115447722,-,25737.37,25698.14,39.23,25737.37,25737.37,0,0,25737.37,38,1238,6,0,347.73,0,306.17,653.9,55225,17302.95,2902.09,20205.04,17302.57,2902.04,20204.61,-,-,-,4878.43,19673.16,0,22981.35,31386,""Sugestao_de_correcao:_Ha_volumes_de_pocos_(captacao_subterranea_+_Desinfeccao_+_Fluoretacao_+_Filtracao)_que_nao_podem_ser_classificados_como_ETA_(GTA_1002),_porem_tambem_nao_sao_tratamento_por_""""simples_desinfeccao""""_(GTA_1003)._Como_nao_ha_outra_opcao_e_o_sistema_entende_como_a_ausencia_deste_volume_em_qualquer_um_dos_dois_itens_como_""""erro"""",_foi_classificado_e_contabilizado_dentro_do_GTA_1003,_por_aproximacao._Necessario_corrigir_isto_em_proxima_versao."",1,10154000,0,-,-,0,0,3570000,4533,4533,38138,1581,1536,Sim,-,98.51,100,49.99,97.05,Nao_Calc.-_Regra_2_Nao_Atend.,0,11.15,1.26,100,87.67,78.5,100,100,12.54,14.26,196.79,163.24,15.97,12.54,81.05,89.29,10.71,18.95,10.8,125.14,100,1.22,10154000,Nao_Calc.-_Div/0,8.41,97.15,7559.67,2661.25,667.51,76.88,5.1,5.1,5.11,8.55,0.07,114.08,4.71,3.67,4.1,702.19,145473.79,0.45,18.97,26.75,15.07,80.46,15.26,21.52,12.73,99.89,16"
"3527306,Sudeste,Louveira,SP,-,RM_de_Jundiai_(SP),Municipio,Local,Prefeitura_Municipal_de_Louveira,PML,52380,50362,2018,Sede,Prestacao_direta_por_orgao_da_administracao_publica_direta,-,Integral,-,-,-,-,43888,877,15016,14859,213,0,-,15809,14194,15809,14194,-,-,-,128,128,0,18124,""Para_preenchimento__GTA0001,__GTA0002_e_GTA0018_utilizamos_como_base_o_Sisagua,_que_tem_como_referencia_valores_e_parametros_do_IBGE."",4598,4598,0,4598,4598,0,0,4598,-,327,-,0,1.45,0.72,131.88,134.05,21605,2673.51,722.83,3396.34,2572.97,722.83,3295.8,-,23,23,1044.61,2498.04,0,3572,4043,-,0,0,0,-,-,0,-,115,1310,1310,31440,356,356,Sim,-,85.46,87.15,43.46,73.72,75.81,18.21,21.47,1.06,98.95,89.87,71.68,97.04,100,17.37,18.68,216.07,163.63,24.04,17.76,76.78,77.69,22.31,23.22,8.94,194.79,0,0.88,Nao_Calc.-_Div/0,Nao_Calc.-_Div/0,24,100,Nao_Calc.-_Div/0,8.94,263.44,70.18,3.72,3.72,2.08,2.08,12.23,202.05,1.88,1.88,1.87,419.31,50622.1,0.76,30.3,37.09,46.07,50.27,15.23,18.65,0.01,198.88,27"
3528502,Sudeste,Mairipora,SP,-,RM_de_Sao_Paulo_(SP),Sociedade_de_economia_mista,Regional,Companhia_de_Saneamento_Basico_do_Estado_de_Sao_Paulo,SABESP,94803,82851,11952,Com_delegacao_atendendo_Sede_e_Localidades_-_DSL,Prestacao_indireta_delegada_mediante_contrato_de_programa,-,Integral,Contrato_de_Programa,-,07/05/2015,07/05/2045,54392,5222,21103,21103,1780,22883,0,21988,20214,24112,22168,1645,1510,0,2125,1954,135,27036,-,4961.87,4681.2,280.67,4961.87,5167.21,205.34,0,5167.21,-,432.62,-,0,105.51,0,413.73,519.24,8568,2698.14,380.43,3078.57,2698.14,380.43,3078.57,-,-,-,1569.4,3455,0,3942.15,316661.96,-,63,103532,0,-,-,0,0,1087,2926,1556,22740,950,659,Sim,-,62.88,65.65,43.69,51.96,54.25,36.1,18.91,1.14,100,91.93,59.58,100,100,10.64,13.62,165.35,124,17.86,10.64,69.63,76.29,23.71,30.37,9.94,203.75,100,61.28,1643.37,Nao_Calc.-_Div/0,14.61,69.37,6.82,16.64,468.96,100,5.32,5.32,0.84,10.18,102.68,75.61,7.1,7,5.8,947.69,131975.33,0.01,25.99,71.94,11.78,108.9,28.3,78.35,10.17,79.72,34
"3530805,Sudeste,Mogi_Mirim,SP,-,-,Autarquia,Local,Servico_Autonomo_de_Agua_e_Esgotos_de_Mogi_Mirim,SAAE_Mogi_Mirim,93489,87480,6009,Sede,Prestacao_direta_por_entidade_da_administracao_publica_indireta,-,Integral,-,-,09/03/1970,-,84868,155,37956,37956,345,38301,0,40215,36394,40295,36394,347,282,0,80,80,1,37514,""Para_GTA0002,_foi_utilizada_a_metrica:_populacao_rural_/_domicilios_rurais_x_quantidade_economias__rurais_residenciais_ativas._(DFE0003_/_OGM4005_x_GTA0016)_Para_GTA0001,_foi_utilizada_a_metrica:_populacao_urbana/_domicilios_urbanos_x_quantidade_economias__urbanas_residenciais_ativas._(DFE0002_/_OGM4004_x_GTA0009)"",11440.82,11323.38,117.44,11440.82,11440.82,0,0,11440.82,16,591,7,0,0.3,0,0,0.3,20500,5215.48,836.64,6052.12,5215.48,836.64,6052.12,586.87,57.2,644.07,4744.33,6041.68,0,7074.71,8464,-,0,0,0,-,-,0,0,573,4857,4857,17417,756,756,Sim,-,90.94,97.01,2.58,90.51,97.77,2.61,15.43,1.06,100,90.52,52.9,100,100,12.52,14.63,195.03,168.06,23.66,12.52,52.9,61.84,38.16,47.1,24.98,388.94,100,0.74,Nao_Calc.-_Div/0,Nao_Calc.-_Div/0,3.59,100,Nao_Calc.-_Div/0,13.48,296.53,100,4.35,4.35,13.14,0,356.49,128.88,3.89,3.83,3.88,681.07,99541.98,0.67,46.43,46.43,20.56,89.18,41.4,41.4,0.43,128.47,46"
3530904,Sudeste,Mombuca,SP,-,RM_de_Piracicaba_(SP),Sociedade_de_economia_mista,Regional,Companhia_de_Saneamento_Basico_do_Estado_de_Sao_Paulo,SABESP,3760,3091,669,Com_delegacao_atendendo_apenas_Sede_-_DS,Prestacao_indireta_delegada_mediante_contrato_de_programa,-,Integral,Contrato_de_Programa,-,18/12/2007,18/12/2037,3091,263,1401,1401,51,1452,0,1326,1204,1411,1281,51,48,0,85,77,3,1332,-,284.46,0,284.46,284.46,284.46,0,0,284.46,-,25.29,-,0,0,0,0,0,875,202.43,21.61,224.04,202.43,21.61,224.04,-,-,-,60.42,232.07,0,256.84,359.27,-,0,0,0,-,-,0,0,10,60,38,201,93,50,Sim,-,89.2,100,39.31,84.2,100,24.24,17.42,1.01,100,90.79,78.76,100,100,13.23,15.17,183.01,165.36,16.8,13.23,78.76,90.29,9.71,21.24,6.55,118.15,100,1.26,Nao_Calc.-_Div/0,Nao_Calc.-_Div/0,5.29,53.76,Nao_Calc.-_Div/0,4.96,1401,100,4.46,4.46,1.12,4.78,53.45,53.7,8.4,9.01,3.86,702.14,333297.84,0.33,33.64,74.3,11.95,86.47,29.09,64.25,1.99,142.8,19
3531209,Sudeste,Monte_Alegre_do_Sul,SP,-,-,Municipio,Local,Prefeitura_Municipal_de_Monte_Alegre_do_Sul,PMMAS,8715,4985,3730,Sede_e_localidades,Prestacao_direta_por_orgao_da_administracao_publica_direta,-,Integral,-,-,-,-,3402,2000,3170,3170,9,2,0,3066,2000,3217,3066,0,0,0,1500,1100,-,0,-,2000,1658,255.7,1913.7,1900,0,0,2000,-,80,-,0,1.52,0.05,0.88,2.45,19830,1549.73,139,1688.73,1445.52,130.47,1575.99,55,11,66,242.82,1549.73,0,1688.74,0,NAO_TEMOS_EXPORTACAO,10,3170,10,Outro_(especificar),rompimento,1849,-,100,200,200,2,10,10,Sim,-,61.99,68.24,53.62,66.17,71.94,57.74,25.17,1.44,100,67.89,78.8,93.32,95,40.82,30.82,857.71,785.97,36.5,30.82,84.56,84.44,15.56,15.44,10.58,266.9,0.06,0,317,184.9,0.01,100,5.5,6.57,452.86,85.71,1.42,1.42,7.89,2.21,0.08,204.87,0.75,0.75,0.74,274.22,24000,Nao_Calc.-_Div/0,11.5,11.5,41.42,52.15,6,6,0,203.57,25
3531803,Sudeste,Monte_Mor,SP,-,RM_de_Campinas_(SP),Sociedade_de_economia_mista,Regional,Companhia_de_Saneamento_Basico_do_Estado_de_Sao_Paulo,SABESP,65324,61359,3965,Com_delegacao_atendendo_Sede_e_Localidades_-_DSL,Prestacao_indireta_delegada_mediante_contrato_de_programa,-,Integral,Contrato_de_Programa,-,29/03/2018,29/03/2048,61359,3965,26268,26268,1511,27318,0,25759,24295,27872,26288,1473,1364,0,2113,1993,109,27779,-,1598.38,758.02,840.36,1598.38,5511.65,3913.27,0,5511.65,-,218.34,-,0,0,0.41,77.63,78.04,7890,3536.39,367.92,3904.31,3536.39,367.92,3904.31,-,-,-,1529.3,4240.1,0,4681.23,1691.59,-,20,84519,0,-,-,0,0,585,2803,1483,18589,1556,656,Sim,-,100,100,100,99.84,100,97.95,7.86,1.06,100,94.32,70.84,100,100,11.67,14,167.02,148.32,16.48,11.67,72.25,84.93,15.07,27.75,19.19,159.5,98.34,0.31,4225.95,Nao_Calc.-_Div/0,12.53,42.16,15.16,12.16,2388,100,0.17,0.17,0.77,1.31,34.09,3.18,5.47,5.28,4.39,736.95,614262.21,3.17,32.9,46.13,26.11,2544.62,837.07,1173.91,284.23,3.61,30
3532009,Sudeste,Morungaba,SP,-,RM_de_Campinas_(SP),Sociedade_de_economia_mista,Regional,Companhia_de_Saneamento_Basico_do_Estado_de_Sao_Paulo,SABESP,13859,11836,2023,Com_delegacao_atendendo_apenas_Sede_-_DS,Prestacao_indireta_delegada_mediante_contrato_de_programa,-,Integral,Contrato_de_Programa,-,28/12/2007,28/12/2037,11836,141,4618,4618,190,4808,0,4772,4341,4828,4393,190,188,0,57,52,2,4586,-,960.56,960.56,0,960.56,960.56,0,0,960.56,-,110.75,-,0,2.02,0,0,2.02,1375,611.56,72.6,684.16,611.56,72.6,684.16,-,-,-,274.38,740.19,0,828.06,802.79,-,4,10525,0,-,-,0,0,49,208,114,1522,33,33,Sim,-,86.42,100,6.97,81.22,100,4.85,23.03,1.05,100,90.97,71.23,100,100,11.81,14.29,156.96,139.89,16.58,11.81,71.44,86.21,13.79,28.56,6.79,162.78,100,0.84,2631.25,Nao_Calc.-_Div/0,13.35,100,54.49,5.32,2309,100,4.46,4.46,0.78,-0.14,79.25,78.95,5.7,5.47,3.86,662.55,460699.89,0.7,28.8,46,17.65,86.56,24.93,39.82,18.98,97.41,32
3532405,Sudeste,Nazare_Paulista,SP,-,-,Sociedade_de_economia_mista,Regional,Companhia_de_Saneamento_Basico_do_Estado_de_Sao_Paulo,SABESP,18401,15595,2806,Com_delegacao_atendendo_Sede_e_Localidades_-_DSL,Prestacao_indireta_delegada_mediante_contrato_de_programa,-,Integral,Contrato_de_Programa,-,27/12/2019,27/12/2049,7990,0,4853,4853,244,5097,0,4953,4524,4953,4524,244,244,0,0,0,0,4834,-,918.13,858.43,59.7,918.13,918.13,0,0,918.13,-,106.6,-,0,0,0,0,0,1000,585.35,78.65,664,585.35,78.65,664,-,-,-,254.13,739.85,0,839.26,780.23,-,18,12067,0,-,-,0,0,391,446,283,7771,149,149,Sim,-,43.42,51.23,0,40.04,47.74,0,20.91,1.02,100,91.34,72.32,100,100,11.17,14.12,227.68,200.71,15.45,11.17,72.32,91.41,8.59,27.68,6.53,143.47,100,0.85,670.39,Nao_Calc.-_Div/0,27.46,100,13.54,16.9,970.6,100,4.66,4.66,1.04,2.7,435.9,87.73,5.37,5.03,5.13,870.03,238475.43,0.77,27.67,65.02,13.88,110.22,30.5,71.66,11.44,81.1,28
3533403,Sudeste,Nova_Odessa,SP,-,RM_de_Campinas_(SP),Sociedade_de_economia_mista,Local,Companhia_de_Desenvolvimento_de_Nova_Odessa,CODEN_Ambiental,62649,61628,1021,Sede,Prestacao_direta_por_entidade_da_administracao_publica_indireta,-,Integral,-,-,30/06/1980,-,61628,1021,27829,27829,279,27829,1572,28833,23090,28833,23090,274,274,-,478,383,5,33994,-,5947.66,5947.66,0,5946.69,5769.23,0,0,5947.66,-,311,7,0,160.1,0,0,160.1,12850,3553.48,497.02,4050.5,3553.48,497.02,4050.5,449.61,20.25,469.86,1267.2,3735.34,0,4305.31,5595,-,46,13800,0,-,-,0,0,187,157,157,314,903,903,Sim,-,100,100,100,90.33,90.52,80.17,11.06,1.05,100,80.08,68.1,100,97,11.71,12.24,184.14,155.4,16.91,11.52,70.79,72.39,27.61,29.21,15.3,171.01,99.01,0.94,300,Nao_Calc.-_Div/0,2,100,1.02,1.17,193.26,93.75,4.11,4.11,0,0,41.83,57.88,7.1,6.72,5.74,843.73,130739.28,0.74,71.37,73.29,16.71,139.79,99.76,102.45,3.1,69.99,25
3536505,Sudeste,Paulinia,SP,-,RM_de_Campinas_(SP),Sociedade_de_economia_mista,Regional,Companhia_de_Saneamento_Basico_do_Estado_de_Sao_Paulo,SABESP,111670,111567,103,Com_delegacao_atendendo_Sede_e_Localidades_-_DSL,Prestacao_indireta_delegada_mediante_contrato_de_programa,-,Integral,Contrato_de_Programa,-,26/06/2020,26/06/2050,111567,103,40153,40133,1064,41197,0,48258,44510,48287,44556,1064,1064,0,50,46,0,45621,-,10784.17,10784.17,0,10784.17,10784.17,0,0,10784.17,-,502.3,-,0,0,0,0,0,14563,6885.39,1520.08,8405.47,6885.39,1520.08,8405.47,-,-,-,2378.7,7732.17,0,9439.2,30289.85,-,46,147020,0,-,-,0,0,1036,2496,1317,17673,1581,780,Sim,-,100,100,100,Nao_Calc.-_Regra_2_Nao_Atend.,Nao_Calc.-_Regra_2_Nao_Atend.,100,12.19,1.2,99.95,92.23,77.94,100,100,14.51,16.28,206.22,168.93,18.6,14.5,77.94,87.53,12.47,22.06,12.97,162.3,99.95,2.81,3196.09,Nao_Calc.-_Div/0,13.42,49.34,6.62,7.31,2361.94,100,5.41,5.41,0.5,2.14,131.89,121.53,4.47,3.77,3.43,669.72,626222.96,0.19,32.91,44.77,17.64,63.35,20.85,28.36,5.37,131.9,30
3536802,Sudeste,Pedra_Bela,SP,-,-,Sociedade_de_economia_mista,Regional,Companhia_de_Saneamento_Basico_do_Estado_de_Sao_Paulo,SABESP,6623,1650,4973,Com_delegacao_atendendo_Sede_e_Localidades_-_DSL,Prestacao_indireta_delegada_mediante_contrato_de_programa,-,Integral,Contrato_de_Programa,-,19/12/2019,19/12/2049,1562,52,838,838,23,861,0,823,684,854,710,22,21,0,31,26,1,776,-,157.85,29.68,128.17,157.85,157.85,0,0,157.85,-,20.87,-,0,29.69,0,0,29.69,200,91.37,25.33,116.7,91.37,25.33,116.7,-,-,-,11.46,114.16,0,145.8,276.12,-,0,0,0,-,-,0,0,20,48,28,471,17,17,Sim,-,24.37,94.67,1.05,20.29,88.24,0.96,24.24,1.02,100,83.14,73.93,100,100,11.39,14.23,248.49,155.1,15.4,11.39,92.74,92.37,7.63,7.26,1.5,37.47,100,1.75,Nao_Calc.-_Div/0,Nao_Calc.-_Div/0,16.82,100,Nao_Calc.-_Div/0,7.96,838,100,4.94,4.94,0.69,5.28,47.49,72.92,6.83,6.72,5.01,855.39,132831.67,0.51,18.18,59.17,19.38,101.34,18.43,59.96,16.84,84.21,11
3537107,Sudeste,Pedreira,SP,-,RM_de_Campinas_(SP),Autarquia,Local,Servico_Autonomo_de_Agua_e_Esgoto,SAAE,43545,43179,366,Sede,Prestacao_direta_por_entidade_da_administracao_publica_indireta,-,Integral,-,-,27/03/2006,-,43109,0,16386,16386,598,16984,-,17148,14956,16988,14796,598,366,0,0,0,0,16226,-,5419.59,5148.61,154.43,5303.04,154.44,0,0,5419.59,26,233,2,0,0,3.6,0,3.6,7658,2094.92,303.02,2397.94,2094.92,303.02,2397.94,105,270.97,375.97,2642.08,2845.51,0,3610.03,5198,-,132,6600,0,-,-,0,-,1305,3521,132,7320,106,106,Sim,-,99,99.84,0,86.04,87.07,0,13.72,1.05,100,87.22,44.25,100,2.85,11.76,17.54,152.63,133.14,26.34,11.65,44.31,66.61,33.39,55.69,35.49,504.62,100,0.96,50,Nao_Calc.-_Div/0,55.45,100,0.29,28.14,252.09,89.23,3.01,3.01,3.56,-3.16,278.14,88.48,3.53,3.49,3.53,742.3,56687.94,0.74,25.83,26.77,30.07,117.19,30.27,31.37,1.3,90.28,25
3538204,Sudeste,Pinhalzinho,SP,-,-,Sociedade_de_economia_mista,Regional,Companhia_de_Saneamento_Basico_do_Estado_de_Sao_Paulo,SABESP,15378,7575,7803,Com_delegacao_atendendo_Sede_e_Localidades_-_DSL,Prestacao_indireta_delegada_mediante_contrato_de_programa,-,Integral,Contrato_de_Programa,-,20/03/2020,20/03/2050,7575,1325,4269,4269,183,4452,0,3915,3495,4314,3855,168,153,0,403,360,15,4115,-,659.66,565.1,94.56,659.66,659.66,0,0,659.66,-,77.43,-,0,0.08,0,0,0.08,1475,465.65,51.97,517.62,465.65,51.97,517.62,-,-,-,141.96,611.35,0,679.58,629.94,-,23,63169,0,-,-,0,0,135,223,150,4816,107,89,Sim,-,57.87,100,16.98,43.3,97.8,6.74,17.39,1.01,100,89.28,78.47,100,100,10,13.12,159.37,143.34,12.73,9.99,78.48,103.02,-3.02,21.52,5.02,91.11,100,0.95,2746.48,Nao_Calc.-_Div/0,32.11,83.18,63.61,8.29,1423,100,4.14,4.14,1,-2.74,63.19,68.29,6.12,6.14,4.18,658,420330.74,0.47,44.38,68.93,10.5,101.05,44.85,69.65,17.31,93.72,28
3538600,Sudeste,Piracaia,SP,-,-,Sociedade_de_economia_mista,Regional,Companhia_de_Saneamento_Basico_do_Estado_de_Sao_Paulo,SABESP,26290,26290,0,Com_delegacao_atendendo_Sede_e_Localidades_-_DSL,Prestacao_indireta_delegada_mediante_contrato_de_programa,-,Integral,Contrato_de_Programa,-,30/06/2020,30/06/2050,19009,0,9265,9265,405,9670,0,9636,8545,9636,8545,405,405,0,0,0,0,9050,-,1929.98,1929.98,0,1929.98,1929.98,0,0,1929.98,-,166.78,-,0,0,0,0,0,1732,1114.03,186.86,1300.89,1114.03,186.86,1300.89,-,-,-,629.09,1386.47,0,1619.03,1444.85,-,18,45028,0,-,-,0,0,296,661,408,9462,315,175,Sim,-,72.31,72.31,Nao_Calc.-_Div/0,67.37,67.37,Nao_Calc.-_Div/0,17.25,1.04,100,88.68,67.4,100,100,11.25,14,187.49,160.56,16.69,11.25,67.4,83.89,16.11,32.6,10.33,186.03,100,0.75,2501.56,Nao_Calc.-_Div/0,23.19,55.56,25.96,9.93,1544.17,100,4.7,4.7,0.83,5.08,84.34,91.57,5.17,4.83,4.35,731.14,533429.32,0.52,45.43,66.43,10.68,92.63,42.08,61.54,8.73,94.46,29
3538709,Sudeste,Piracicaba,SP,-,RM_de_Piracicaba_(SP),Autarquia,Local,Servico_Municipal_de_Agua_e_Esgoto,SEMAE,427610,418428,9182,Sede_e_localidades,Prestacao_direta_por_entidade_da_administracao_publica_indireta,-,Integral,-,-,30/04/1969,-,414233,8571,174535,174535,18850,0,-,207239,173241,215758,173241,19020,-,-,9541,4926,-,192166,-,67412.05,67079.37,332.68,67412.05,67412.05,0,0,67412.05,28.33,1762,4,0,0,0,0,0,79812,25985.2,4083.27,30068.47,24979.97,3668.24,28648.21,-,-,-,37343.58,29108.41,0,34119.17,68574,GTA_1204_E_GTA1205_-_NAO_TEMOS_DADOS_DISPONIVEIS,20,900000,365,Insuficiencia_de_sistema_de_producao,-,23360000,0,5595,20253,19392,2086780,3937,3815,Sim,Em_complemento_ao_campo_GTA3004_-_necessidade_de_recuperacao_dos_niveis_dos_reservatorios_e_alto_indice_de_perdas_no_sistema_de_distribuicao_de_agua.,98.88,99,93.35,92.72,92.69,93.53,9.11,1.24,100,82.19,42.5,95.28,100,11.06,13.12,194.84,168.38,25.91,11.56,44.6,50.61,49.39,55.4,58.07,586.19,0,1.02,45000,64000,107.61,96.9,29.07,11.92,303.01,86.11,5.01,5.01,2.44,3.87,31.06,99.75,5.15,5.05,4.96,780.03,107903.46,0.65,31.65,40.88,26.43,98.94,31.32,40.45,2.13,97.48,31
3542107,Sudeste,Rafard,SP,-,RM_de_Piracicaba_(SP),Municipio,Local,Prefeitura_Municipal_de_Rafard,SSP,9055,7981,1074,Sede,Prestacao_direta_por_orgao_da_administracao_publica_direta,-,Integral,-,-,-,-,7981,632,3414,3349,343,3692,0,3256,3045,3349,3045,-,-,0,158,148,-,-,-,863.88,0,863.88,863.88,863.88,1.09,0,864.97,-,47,-,0,0.6,0,0,0.6,1945,518.54,83.37,601.91,486.94,75.01,561.95,-,-,-,262.46,549.49,0,646.42,1745,-,3,3014,0,-,-,0,-,2,167,167,4008,65,65,Sim,-,95.12,100,58.85,89.31,98.07,31.49,12.51,1,98.1,93.53,64.97,93.36,99.87,13.98,15.78,191.65,164.94,21.11,14.69,69.66,74.73,25.27,30.34,15.3,210.62,98.27,2.02,1004.67,Nao_Calc.-_Div/0,24,100,29.43,4.95,113.8,60,1.79,1.79,2.17,20.36,93.49,86.48,2.12,2.12,2.12,400.8,19194.71,0.3,25.25,54.27,38.74,118.2,29.84,64.15,0,68.88,24
"3543907,Sudeste,Rio_Claro,SP,-,RM_de_Piracicaba_(SP),Autarquia,Local,Departamento_Autonomo_de_Agua_e_Esgoto,DAAE,203445,198494,4951,Sede,Prestacao_direta_por_entidade_da_administracao_publica_indireta,-,Integral,-,-,05/12/1969,-,198494,4951,78709,78320,7021,85730,-,93007,85613,95268,85613,0,0,0,2261,2133,-,-,-,25457.33,25457.33,0,25457.33,24655.6,0,0,25457.33,-,897,-,0,0,0,0,0,60000,14281,1854.34,16135.34,13022.92,1854.34,14877.26,-,-,-,9321.99,0,0,16086.73,20431,GTA1203_Volume_de_agua_tratada_exportado_*(_Nao_existe_volume_de_agua_trata_exportada).,9,75000,0,-,-,0,-,746,1774,1524,133503,433,421,Sim,""GTA_3003--Quantidade_de_interrupcoes_sistematicas,_resultando_em_racionamento_ou_rodizio_*(_nao_houve_no_ano_2023)."",100,100,100,98.93,99.34,84.91,10.46,1.21,99.51,92.1,58.44,92.2,96.85,13.01,14.07,217.29,192.32,22.27,14.11,63.38,63.19,36.81,36.62,28.47,324.48,100,0.8,8333.33,Nao_Calc.-_Div/0,87.6,97.23,8.75,2.65,316.1,97.99,8.39,8.39,2.7,-1.15,0,50.67,17.02,10.25,3.49,588.5,120322.74,0.67,52.37,64.31,24.47,41.53,21.75,26.71,1.15,84.3,39"
3544004,Sudeste,Rio_das_Pedras,SP,-,RM_de_Piracicaba_(SP),Autarquia,Local,Servico_Autonomo_de_Agua_e_Esgoto,SAAE,31643,30636,1007,Sede,Prestacao_direta_por_entidade_da_administracao_publica_indireta,-,Integral,-,-,01/07/1969,-,30636,1007,11860,11860,473,12333,-,11736,10791,12084,11089,503,-,-,426,391,0,-,-,3869.22,3779.22,90,3779.22,3869.22,0,0,3869.22,-,180,-,0,100,50,20,170,5900,1486.45,261.5,1747.95,1486.45,261.5,1747.95,-,-,-,1951.27,1486.45,0,2183.62,4974,No_municipio_nao_ha_importacao_de_agua._O_valor_de_energia_refere-se_ao_consumo_conjunto_de_agua_e_esgoto.,2,1416,0,-,-,0,-,45,40,40,90,154,154,Sim,-,100,100,100,84.41,85.16,67.88,14.59,1.03,100,91.94,45.18,100,100,12.05,14.96,166.06,128.7,26.51,11.98,49.57,56.44,43.56,50.43,29.7,450.75,100,1.29,708,Nao_Calc.-_Div/0,2.25,100,5.82,0.7,194.43,100,3.87,3.87,3.61,-44.58,0,250.68,1.6,1.51,1.6,287.25,29905.27,0.2,52.22,52.22,28.43,41.39,21.61,21.61,0,362.42,25
3545159,Sudeste,Saltinho,SP,-,RM_de_Piracicaba_(SP),Sociedade_de_economia_mista,Regional,Companhia_de_Saneamento_Basico_do_Estado_de_Sao_Paulo,SABESP,8244,6880,1364,Com_delegacao_atendendo_Sede_e_Localidades_-_DSL,Prestacao_indireta_delegada_mediante_contrato_de_programa,-,Integral,Contrato_de_Programa,-,06/07/2018,06/07/2048,6880,224,3113,3113,87,3200,0,3113,2784,3152,2819,87,86,0,39,35,1,2971,-,615.05,216.33,398.72,615.05,615.05,0,0,615.05,-,53.26,-,0,0.34,0.05,0.82,1.21,1880,421.63,51.39,473.02,421.63,51.39,473.02,-,-,-,140.82,496.52,0,557.04,523.75,-,2,2276,0,-,-,0,0,22,741,219,1800,63,63,Sim,-,86.17,100,16.42,83.03,100,5.71,16.64,1.01,100,89.44,76.91,100,100,12.51,14.73,182.89,162.61,16.26,12.51,77.1,90.57,9.43,22.9,7.24,123.93,100,0.85,1138,Nao_Calc.-_Div/0,8.22,100,36.1,24.21,3113,100,4.94,4.94,0.86,2.36,50.58,81.64,6.1,5.95,5.51,973.75,975132.28,0.81,31.77,63.07,13.86,111.65,35.47,70.42,6.21,86.6,58
"3545209,Sudeste,Salto,SP,-,RM_de_Sorocaba_(SP),Autarquia,Local,""Servico_Autonomo_de_Agua,_Esgoto_e_Meio_Ambiente"",SAAE_-_Salto,135689,134735,954,Sede,Prestacao_direta_por_entidade_da_administracao_publica_indireta,-,Integral,-,-,17/05/2007,-,134735,0,52796,52792,2038,54830,1200,55369,50859,55365,50855,2038,-,1260,0,0,0,55297,-,13076.14,13076.14,0,13076.14,13076.14,0,0,13076.14,21,632,2,0,163.94,38.33,1.56,203.83,27195,7235.42,1028.91,8264.33,7222.79,1026.86,8249.65,-,-,-,4607.98,9046.92,0,10159.98,9216,-,77,19000,0,-,-,0,0,1177,1340,1282,307680,2157,1617,Sim,-,99.3,100,0,92.88,93.72,0,11.53,1.05,99.99,91.85,63.09,99.82,100,12.42,15.29,172.19,147.13,19.68,12.44,64.76,77.7,22.3,35.24,19.98,239.12,99.99,0.7,246.75,Nao_Calc.-_Div/0,240,74.97,0.45,4.55,232.58,100,3.67,3.67,0,5.08,18.29,71.19,5.15,5.12,2.52,461.84,76557.89,0.39,67.96,67.96,14.06,68.6,46.62,46.62,0,138.37,44"
3545803,Sudeste,Santa_Barbara_D_Oeste,SP,-,RM_de_Campinas_(SP),Autarquia,Local,Departamento_de_Agua_e_Esgoto_de_Santa_Barbara_D_Oeste,DAE,185184,183730,1454,Sede,Prestacao_direta_por_entidade_da_administracao_publica_indireta,-,Integral,-,-,30/12/1985,-,183700,0,74336,74336,960,73037,-,85370,74359,85370,74359,1148,671,-,0,0,0,-,-,24127.47,24109.06,18.4,24109.06,24109.06,0,0,24127.47,25,847,6,0,23.79,0.13,1.02,24.94,44253,10316,1680,11996,10316,1680,11996,-,51.6,51.6,12054.93,12092,0,14344,17747,-,11,53100,0,-,-,0,0,5452,4613,4613,5560,2365,2365,Sim,-,99.2,99.98,0,99.23,Nao_Calc.-_Regra_2_Nao_Atend.,0,11.25,1.15,100,87.1,49.72,100,99.92,11.71,14,179.28,153.85,23.55,11.71,49.82,59.45,40.55,50.18,39.16,446.2,97,0.74,4827.27,Nao_Calc.-_Div/0,1.21,100,5.65,11.79,373.55,100,3.15,3.15,8.35,8.84,158.99,90.27,3.81,3.78,3.57,599.39,105312.4,0.72,40.96,40.96,24.93,113.18,46.35,46.35,5.8,83.59,25
3546702,Sudeste,Santa_Gertrudes,SP,-,RM_de_Piracicaba_(SP),Empresa_privada,Local,BRK_Ambiental_-_Santa_Gertrudes_S.A.,BRK,23849,23595,254,Com_delegacao_atendendo_Sede_e_Localidades_-_DSL,Prestacao_indireta_delegada_mediante_concessao_para_empresa_privada_ou_estatal,-,Integral,Contrato_de_Concessao,-,26/10/2010,26/10/2040,23595,0,9121,9121,321,9441,0,10327,9248,10327,9248,325,325,0,0,0,0,9442,-,1917.57,1712.63,204.94,1917.57,1917.57,0,0,1917.57,2,90,10,0,48,0,0,48,3397,1373.79,143.9,1517.69,1313.76,143.89,1457.65,-,-,-,351.88,1532.31,0,1722.12,2052,no_ID_GTA1101_foi_considerado_como_adutora_de_agua_bruta_XX_km_de_rede_de_100mm_dos_pocos_07_e_09_ate_seu_reservatorio_de_agua_tratada.,1,10237,0,-,-,0,0,319,493,493,3,157,155,Sim,-,98.93,100,0,Nao_Calc.-_Regra_2_Nao_Atend.,Nao_Calc.-_Regra_2_Nao_Atend.,0,9.53,1.13,100,89.55,76.02,96.04,100,11.76,13.9,181.8,159.52,15.47,12.25,81.65,89.81,10.19,18.35,10.71,105.7,99.99,1.07,10237,Nao_Calc.-_Div/0,0.01,98.73,99.13,7.86,152.02,46.67,4.09,4.09,3.73,4.25,54.39,90.25,4.71,4.31,4.32,720.94,88070.6,0.62,33.12,42.91,17.01,105.68,35,45.34,5.87,88.84,20
3547007,Sudeste,Santa_Maria_da_Serra,SP,-,RM_de_Piracicaba_(SP),Sociedade_de_economia_mista,Regional,Companhia_de_Saneamento_Basico_do_Estado_de_Sao_Paulo,SABESP,5295,4668,627,Com_delegacao_atendendo_apenas_Sede_-_DS,Prestacao_indireta_delegada_mediante_concessao_para_empresa_privada_ou_estatal,-,Integral,Contrato_de_Concessao,-,07/08/1997,07/08/2027,4668,15,2046,2046,116,2162,0,2101,1842,2101,1842,116,116,0,0,0,0,1958,-,393.76,0,393.76,393.76,393.76,0,0,393.76,-,49.06,-,0,0.1,0,0,0.1,450,284.19,40.55,324.74,284.19,40.55,324.74,-,-,-,68.92,335.8,0,383.71,316.38,-,4,8525,0,-,-,0,0,52,227,126,1825,28,28,Sim,-,88.44,100,2.39,68.34,94.5,0,22.69,1.03,100,87.67,82.47,100,100,12.88,15.22,190.04,166.26,15.62,12.88,82.5,97.45,2.55,17.5,3.85,92.29,100,0.8,2131.25,Nao_Calc.-_Div/0,14.48,100,101.44,13.28,2046,100,4.57,4.57,0.72,-2.6,41.16,105.16,4.38,3.96,3.69,674.79,685831.55,0.83,48.38,63.88,18.55,80.86,39.12,51.66,1.69,122.5,19
3548005,Sudeste,Santo_Antonio_de_Posse,SP,-,RM_de_Campinas_(SP),Municipio,Local,Prefeitura_Municipal_de_Santo_Antonio_de_Posse,PMSAPOSSE,23479,21414,2065,Sede_e_localidades,Prestacao_direta_por_orgao_da_administracao_publica_direta,-,Integral,-,-,-,-,21414,0,8853,8853,175,9028,-,8853,7985,8853,7891,175,170,0,0,0,0,8853,-,2497.41,2462.41,35,2497.41,1649.03,0,0,2497.41,6,102,25,0,0.6,0.3,0.12,1.02,7720,1347.84,175.3,1523.14,1347.84,175.3,1523.14,-,-,0,973.25,1444.44,0,1444.44,3610185,-,2,8853,1,Outro_(especificar),Falta_de_energia,8853,1,36,320,320,480,252,232,Sim,-,91.2,100,0,84.91,95.6,0,11.3,1,100,90.2,60.99,100,66.03,14.34,13.6,195,172.44,23.51,14.34,61.03,57.84,42.16,38.97,26.14,301.19,100,1445.57,4426.5,8853,1.5,92.06,66.67,4.02,196.73,77.78,3.02,3.02,1.39,8.51,237.41,54.97,5.56,4.71,4.76,776.55,50801.48,0,25.86,35.24,34.77,157.84,40.82,55.61,0,58.79,12
"3550407,Sudeste,Sao_Pedro,SP,-,RM_de_Piracicaba_(SP),Autarquia,Local,Servico_Autonomo_de_Agua_e_Esgoto_de_Sao_Pedro,saaesp,38645,32475,6170,Sede,Prestacao_direta_por_entidade_da_administracao_publica_indireta,-,Integral,-,-,07/08/2002,-,31037,4518,15179,15179,855,16034,-,14528,12149,15505,12149,855,30,-,1506,1506,0,0,""Segundo_os_Indicadores_SONAR,_referente_ao_mes_de_dezembro_de_2023,_o_numero_de_Quantidade_de_ligacoes_ativas_de_agua_micromedidas:_15113._Quantidade_de_ligacoes_totais_de_agua:_16034"",4338.57,3672.25,666.32,3939.77,3625.79,0,0,4338.57,-,202,-,0,0,0,0,0,11009,1599.09,503.75,2102.84,1599.09,503.75,2102.84,-,-,-,2235.73,186.31,0,2487.91,2660,""Para_os_itens:_GTA_1001-_GTA_1002-_GTA_1003-_GTA_1004_e_GTA_1005_foi_utilizado_como_base_para_calculo_os_12_meses_do_ano_de_2023._Ja_para_os_demais_itens_(do_GTA_1009_ate_GTA_1301)_foi_utilizado_apenas_o_mes_de_dezembro_de_2023_para_base_de_calculo._Em_relacao_aos_itens_GTA_1209_a_GTA_1214,_o_sistema_nao_esta_aceitando_a_insercao_dos_valores_com_as_conversoes_necessarias._De_acordo_com_as_informacoes_fornecidas_ao_SONAR_em_dezembro_de_2023,_o_Volume_de_agua_Consumido_e_o_Volume_de_Agua_Micromedido_sao_equivalentes_a_210.284_m3_e_o_Volume_Micromedido_nas_Economias_Residenciais_Ativas_de_Agua_e_equivalente_a_159.909_m3._Para_atender_a_unidade_de_medida_solicitada_pelo_sistema_SINISA_(1.000_m3/ano),_a_conversao_deveria_ser_feita_da_seguinte_forma:_210.284_/_1.000_m3_e_159.909_/_1.000_m3,_respectivamente._No_entanto,_esses_valores_apresentam_erro_ao_serem_inseridos_no_sistema._Portanto,_para_manter_a_consistencia_com_os_dados_reportados_em_anos_anteriores,_optamos_por_manter_os_valores_apresentados_anteriormente_em_seus_respectivos_campos."",0,0,0,-,-,0,0,557,2250,2250,4500,541,541,Sim,-,92,95.57,73.23,71.34,84.79,31.24,12.6,1.06,100,85.16,48.47,100,83.57,11.3,12.93,162.04,123.22,22.55,10.93,48.47,57.34,42.66,51.53,30.32,403.54,100,0.61,Nao_Calc.-_Div/0,Nao_Calc.-_Div/0,2,100,Nao_Calc.-_Div/0,17.51,219.99,100,3.26,3.26,15.99,-3.1,35.29,93.92,4.14,4.07,4.14,641.83,57092.26,0.72,38.28,38.28,18.58,126.73,48.51,48.51,0,96.84,60"
3552106,Sudeste,Socorro,SP,-,-,Sociedade_de_economia_mista,Regional,Companhia_de_Saneamento_Basico_do_Estado_de_Sao_Paulo,SABESP,40526,27555,12971,Com_delegacao_atendendo_Sede_e_Localidades_-_DSL,Prestacao_indireta_delegada_mediante_concessao_para_empresa_privada_ou_estatal,-,Integral,Contrato_de_Concessao,-,14/03/1980,01/04/2040,24742,0,10458,10458,341,10799,0,12110,10524,12109,10524,341,341,0,0,0,0,11211,-,2159.61,2159.61,0,2159.61,2159.61,0,0,2159.61,-,153.45,-,0,0,0,0,0,3510,1368.86,275.26,1644.12,1368.86,275.26,1644.12,-,-,-,515.49,1667.92,0,2003.32,1568.53,-,32,162896,0,-,-,0,0,359,901,552,12742,225,209,Sim,-,61.05,89.79,0,51.88,82.95,0,14.21,1.16,100,86.9,76.13,100,100,11.31,13.79,182.06,151.58,14.86,11.31,76.13,92.76,7.24,23.87,9.2,135.05,100,0.73,5090.5,Nao_Calc.-_Div/0,23.08,92.89,42.04,10.4,1494,100,4.46,4.46,0.76,2.63,51.36,106.11,4.24,3.75,3.18,525.64,367260.67,0.69,40.39,64.98,17.02,71.19,28.75,46.26,10.46,114.43,23
3552403,Sudeste,Sumare,SP,-,RM_de_Campinas_(SP),Empresa_privada,Local,BRK_Ambiental_-_Sumare_S.A.,BRK_SUM,282374,279050,3324,Com_delegacao_atendendo_Sede_e_Localidades_-_DSL,Prestacao_indireta_delegada_mediante_concessao_para_empresa_privada_ou_estatal,-,Integral,Contrato_de_Concessao,-,17/06/2015,17/06/2045,276254,0,93571,93571,2675,96246,0,111972,103410,111928,103379,3092,2586,0,0,0,0,103410,-,25448.12,25316.68,131.44,25448.12,25448.12,682.63,0,26130.75,24,846,6,0,251.65,0,1089.75,1341.4,31440,15042.34,1427.96,16470.3,15042.34,1427.96,16470.3,-,-,-,8319.05,17332.54,0,19077.16,25159,-,90,805811,0,-,-,0,0,5085,14785,8562,1088265,884,841,Sim,-,97.83,99,0,93.35,94.58,0,8.79,1.2,100,92.35,63.03,100,97.39,12.26,14.2,176.65,149.18,19.45,12.26,68.16,73.01,26.99,31.84,26.94,243.58,100,0.96,8953.46,Nao_Calc.-_Div/0,127.1,95.14,8,17.75,238.09,46.06,6.12,6.12,5.12,8.21,39.17,134.83,4.78,4.61,3.99,679.6,69411.16,0.42,16.51,31.35,13.78,65.17,10.76,20.43,18.4,117.08,48
"3554508,Sudeste,Tiete,SP,-,RM_de_Sorocaba_(SP),Autarquia,Local,Servico_Autonomo_Municipal_de_Agua_e_Esgoto,SAMAE,38040,34585,3455,Sede,Prestacao_direta_por_entidade_da_administracao_publica_indireta,-,Integral,-,-,14/09/1970,-,34170,235,15225,15219,1802,0,0,14459,12648,15904,12883,1858,1287,0,1445,235,128,17762,""Considerando_que_o_sistema_Gestao_da_empresa_contratada_pelo_SAMAE_tambem_nao_possui_a_separacao_das_economias_urbanas_e_rurais_para_os_itens_GTA0009_e_GTA0016-_GTA0008_e_GTA0015-_GTA0013_e_GTA0017,_foi_aplicado_a_proporcionalidade_sobre_os_valores_fornecidos_pelo_SINISA,_considerando_a_populacao_urbana_(90,91%)_e_rural_(9,08%)_do_municipio."",5330.59,1732.04,3598.55,4689.84,5330.59,0,0,5330.59,-,234,1,0,51.1,0,0,51.1,7885,1859.6,391,2250.6,1841.18,387.26,2228.44,247.36,26.65,274.01,2754.88,2352.39,0,2742.03,6445,""GTA1215_Volume_de_agua_submedido_por_imprecisao:_Estimamos_que_o_tempo_de_instalacao_dos_hidrometros_tem_em_media_5_anos._Sendo_assim,_utilizamos_o_percentual_sugerido_de_11,1%_sobre_o_volume_de_agua_micromedido._______________________________________________________________________________________________________________________________________________GTA1216_Volume_de_consumo_de_agua_nao_autorizado:_Devido_a_falta_de_dados_especificos_para_mensuracao_do_volume_de_consumo_nao_autorizado,_utilizamos_o_percentual_sugerido_de_0,5%_do_volume_de_entrada_no_subsistema_de_distribuicao_de_agua_(GTA1014)."",17,11019,0,-,-,0,0,710,1202,1188,3780,192,164,Sim,-,90.44,98.8,6.8,88.1,96.02,21.14,13.74,1.04,99.96,81,41.8,99.02,100,11.68,14.37,183.29,148.08,27.93,11.79,43.18,51.44,48.56,56.82,35.46,545.05,0,1.21,648.18,Nao_Calc.-_Div/0,3.18,85.42,4.08,12.02,1903.13,100,4.09,4.09,4.92,22.3,216.18,94.21,4.56,4.56,4.56,786.95,726745.22,0.85,46.45,46.45,43.75,111.64,51.86,51.86,0,73.2,25"
3554706,Sudeste,Torrinha,SP,-,-,Sociedade_de_economia_mista,Regional,Companhia_de_Saneamento_Basico_do_Estado_de_Sao_Paulo,SABESP,9429,8023,1406,Com_delegacao_atendendo_apenas_Sede_-_DS,Prestacao_indireta_delegada_mediante_contrato_de_programa,-,Integral,Contrato_de_Programa,-,11/09/2013,11/09/2043,8023,669,3680,3680,188,3868,0,3550,3226,3770,3426,188,177,0,220,200,11,3614,-,927.74,119.85,807.89,927.74,927.74,0,0,927.74,-,77.68,-,0,1.01,0,0,1.01,2070,489.19,54.63,543.82,489.19,54.63,543.82,-,-,-,382.91,589.12,0,654.92,1564.48,-,2,7622,0,-,-,0,0,66,545,211,1928,34,34,Sim,-,92.18,100,47.58,82.89,100,22.05,20.08,1.02,100,90.88,58.62,100,100,12.02,14.48,171.73,154.19,20.51,12.02,58.73,70.59,29.41,41.27,13.51,285.07,100,1.69,3811,Nao_Calc.-_Div/0,9.14,100,101.09,16.21,3680,100,4.37,4.37,0.89,1.31,65.32,102.36,4.31,3.91,3.09,536.26,941599.56,0.09,46.58,70.85,7.11,70.6,32.88,50.02,4.74,128.91,37
3554953,Sudeste,Tuiuti,SP,-,-,Empresa_privada,Local,Aguas_de_Tuiuti_SPE_Ltda,AT,6847,3428,3419,Sem_delegacao_atendendo_Sede_e_Localidades_-_SDSL,-,-,Integral,Contrato_de_Concessao,-,18/09/2020,-,3428,0,1823,1823,40,1823,-,1837,1837,1837,1837,40,40,-,0,0,-,-,-,511.68,0,511.68,511.68,511.68,0,0,511.68,-,28,-,0,0,0,0,0,465,225.82,0,225.82,225.82,0,225.82,-,-,-,285.86,265.74,0,307.65,740,-,18,410,0,-,-,0,0,18,250,426,1123,26,26,Sim,-,50.07,100,0,47.21,Nao_Calc.-_Regra_2_Nao_Atend.,0,15.03,1.01,100,100,44.13,100,100,10.24,13.96,180.48,180.48,23.21,10.24,44.13,60.13,39.87,55.87,27.97,429.61,97.85,1.45,22.78,Nao_Calc.-_Div/0,2.64,100,1.24,14.59,202.56,55.56,3.65,3.65,1.7,2.09,0,64.95,5.72,5.5,4.77,798.14,39122.06,0.81,13.34,17.47,40.93,130.42,17.4,22.79,26.46,63.48,53
3556206,Sudeste,Valinhos,SP,-,RM_de_Campinas_(SP),Autarquia,Local,Departamento_de_Aguas_e_Esgotos_de_Valinhos,DAEV,127654,121478,6176,Sede,Prestacao_direta_por_entidade_da_administracao_publica_indireta,-,Integral,-,-,12/08/1970,-,119567,0,40100,40100,255,40355,-,60180,55747,60180,55747,255,202,-,0,0,0,-,-,13889.23,13059.96,829.27,13889.23,13889.23,0,0,13889.23,18,711,10,0,1.58,17.3,1.71,20.59,21285,7223.33,595.06,7818.39,7223.33,595.06,7818.39,686.69,69.45,756.14,5294.11,8363.03,0,9197.76,11227,-,99,76633,0,-,-,0,0,1377,7782,7095,1975,437,370,Sim,-,93.66,98.43,0,Nao_Calc.-_Regra_2_Nao_Atend.,Nao_Calc.-_Regra_2_Nao_Atend.,0,17.62,1.5,100,92.63,56.29,100,100,10.83,12.74,179.62,165.51,19.23,10.83,56.44,66.22,33.78,43.56,23.31,413.37,100,0.81,774.07,Nao_Calc.-_Div/0,0.28,84.67,1.29,15.22,207.77,100,4.65,4.65,1.49,0,19.37,64.34,7.33,7.22,7.33,1120.43,128599.91,0.71,36.81,36.81,11.86,157.78,58.08,58.08,0,64.34,25
3556354,Sudeste,Vargem,SP,-,-,Sociedade_de_economia_mista,Regional,Companhia_de_Saneamento_Basico_do_Estado_de_Sao_Paulo,SABESP,10619,5334,5285,Com_delegacao_atendendo_Sede_e_Localidades_-_DSL,Prestacao_indireta_delegada_mediante_contrato_de_programa,-,Integral,Contrato_de_Programa,-,19/12/2019,19/12/2049,5334,472,2459,2459,111,2570,0,2196,1969,2490,2233,101,90,0,294,264,11,2334,-,448.88,448.88,0,448.88,448.88,0,0,448.88,-,69.52,-,0,0.02,0,0,0.02,1130,302.71,33.79,336.5,302.71,33.79,336.5,-,-,-,112.36,375.75,0,417.69,238.33,-,5,5442,0,-,-,0,0,92,148,105,2325,151,129,Sim,-,54.68,100,8.93,44.09,100,8.5,27.05,1.01,100,89.68,74.96,100,100,11.26,13.98,158.8,142.84,15.02,11.26,74.97,93.05,6.95,25.03,4.43,125.19,100,0.53,1088.4,Nao_Calc.-_Div/0,22.14,85.43,43.71,9.64,204.92,100,4.58,4.58,1.34,4.36,69.09,76.51,6.06,5.84,5.32,892.06,78350.23,0.54,42.33,75.78,5.76,116.23,49.2,88.09,22.05,71.24,30
3556503,Sudeste,Varzea_Paulista,SP,-,RM_de_Jundiai_(SP),Sociedade_de_economia_mista,Regional,Companhia_de_Saneamento_Basico_do_Estado_de_Sao_Paulo,SABESP,116936,116936,0,Com_delegacao_atendendo_apenas_Sede_-_DS,Prestacao_indireta_delegada_mediante_concessao_para_empresa_privada_ou_estatal,-,Integral,Contrato_de_Concessao,-,09/04/1998,09/04/2028,107483,0,34578,34575,1384,35959,0,41230,38164,41224,38164,1384,1384,0,0,0,0,39589,-,2284.21,2284.21,0,2284.21,8475.63,6191.42,0,8475.63,-,311.8,-,0,15.27,0,128.3,143.57,24250,4892.88,1138.14,6031.02,4892.88,1138.14,6031.02,-,-,-,2301.04,5807.15,0,7157.96,7486,-,37,144235,0,-,-,0,0,750,2725,934,7396,657,610,Sim,-,91.92,91.92,Nao_Calc.-_Div/0,87.93,87.93,Nao_Calc.-_Div/0,8.67,1.19,99.99,92.56,71.16,100,100,12.19,14.47,157.39,124.72,17.13,12.19,72.85,84.45,15.55,27.15,20.22,182.32,99.99,0.88,3898.24,Nao_Calc.-_Div/0,7.92,92.85,9.45,8.43,2469.86,100,4.54,4.54,0.61,-3.46,54.2,79.94,5.71,5.59,3.86,669.66,651166.79,1.09,33.02,41.31,29.64,84.96,28.05,35.1,6.82,119.33,35
"3556701,Sudeste,Vinhedo,SP,-,RM_de_Campinas_(SP),Autarquia,Local,Saneamento_Basico_Vinhedo,SANEBAVI,77318,74888,2430,Sede_e_localidades,Prestacao_direta_por_entidade_da_administracao_publica_indireta,-,Integral,-,-,01/01/2004,-,74828,2428,27931,27931,958,3562,-,31926,28980,32961,29919,1275,1013,-,1035,939,-,-,""1)_GTA0001_Populacao_urbana_atendida_com_rede_de_abastecimento_de_agua_:_De_acordo_os_calculos_realizados_pelo_prestador,_o_correto_a_se_aceitar_sao_os_dados_informados_neste_campo,_visto_que_os_dados_do_IBGE_foram_estimativas_e_nao_estao_de_acordo_com_o_informado_de_fato.____________________________________________________________________________________________________________________________________________________________2)_GTA0002_Populacao_rural_atendida_com_rede_de_abastecimento_de_agua:_De_acordo_os_calculos_realizados_pelo_prestador,_o_correto_a_se_aceitar_sao_os_dados_informados_neste_campo,_visto_que_os_dados_do_IBGE_foram_estimativas_e_nao_estao_de_acordo_com_o_informado_de_fato.__________________________________________Os_dados_encaminhados_sao_referente_a_media_utilizada_dos_ultimos_anos,_sendo_calculados_atraves_de_uma_planilha_interna_do_prestador."",8228.07,7585.91,642.16,8228.07,8228.07,0,0,8228.07,1,603,-,0,1.13,0.36,0,1.49,13788,4935.39,431.26,5366.65,4935.39,431.26,5366.65,466.89,41.06,507.95,2351.98,5463.12,0,6181.61,8205668,-,49,412300,0,-,-,0,-,318,2614,2479,1124,716,62,Sim,-,99.92,99.92,99.92,96.95,97.01,95.33,20.87,1.18,100,90.77,65.22,100,100,13.57,15.63,190.37,175.02,20.8,13.57,65.24,75.13,24.87,34.76,12.99,280.53,12.33,997.28,8414.29,Nao_Calc.-_Div/0,0.45,8.66,25.53,8.9,268.57,97.12,4.48,4.48,6.23,6.05,108.57,112.8,4.23,4.18,4.17,781.78,89355.89,0,35.02,36.06,23.45,93.1,32.61,33.57,3.88,103.31,25"
